cell	first_Mb	side	end_excess	frac	lo	hi	T	T_lo	T_hi
chm13_8way	2	2a	0.46927318118552774	0.7933256567372222	0.7484897253891871	0.854432791426736	1.2400460595766667	0.873403251439584	1.5090616476648773
chm13_8way	2	2b	0.46927318118552774	0.41634959715000575	0.3730892111872467	0.453245381700961	3.5019024170999655	3.2805277097942342	3.7614647328765196
chm13_8way	2	both	0.46927318118552774	0.6065761125166155	0.41340268529419255	0.7881310064862166	2.3605433249003074	1.2712139610827005	3.5195838882348447
chm13_8way	5	2a	0.4049729639481255	0.904894633571111	0.8030166929409331	1.0282666728112728	0.570632198573334	-0.16960003686763692	1.1818998423544012
chm13_8way	5	2b	0.4049729639481255	0.26310772778112296	0.06040483491480675	0.44305419333242546	4.421353633313263	3.3416748400054472	5.6375709905111595
chm13_8way	5	both	0.4049729639481255	0.5567130055564996	0.3178379502452643	0.7874354194243443	2.659721966661002	1.2753874834539345	4.092972298528414
chm13_8way	10	2a	0.32607311362626934	0.6251539659472509	0.32317648239383634	0.9636722063785164	2.2490762043164945	0.21796676172890184	4.0609411056369815
chm13_8way	10	2b	0.32607311362626934	0.41625305850180383	0.12120206912947312	0.6975106301827447	3.502481648989177	1.8149362189035316	5.272787585223162
chm13_8way	10	both	0.32607311362626934	0.5131523371655127	0.2681775840309585	0.7384816285161556	2.921085977006924	1.5691102289030663	4.390934495814249
h16a	2	2a	0.4623785006327986	0.8046227887597095	0.7024764711094599	0.9263129275976452	1.172263267441743	0.442122434414129	1.7851411733432407
h16a	2	2b	0.4623785006327986	0.40212128343049147	0.3689356577558153	0.42964380671823343	3.587272299417051	3.4221371596905996	3.7863860534651077
h16a	2	both	0.4623785006327986	0.5999797410645287	0.39796855489844113	0.8099440864891339	2.400121553612828	1.1403354810651969	3.6121886706093536
h16a	5	2a	0.40411026113514537	0.9485594843872612	0.8027975217308906	1.138620498837907	0.3086430936764326	-0.8317229930274417	1.1832148696146565
h16a	5	2b	0.40411026113514537	0.2518605998164437	0.009535521224342137	0.42930008545713194	4.488836401101338	3.4241994872572086	5.942786872653947
h16a	5	both	0.40411026113514537	0.5633364753054115	0.3265268372586052	0.819138197646049	2.619981148167531	1.085170814123706	4.040838976448368
h16a	10	2a	0.3230639569295024	0.6423386458617708	0.2846670847217078	1.0052247580321958	2.145968124829375	-0.031348548193174786	4.291997491669752
h16a	10	2b	0.3230639569295024	0.4197722806846798	0.08382441906963788	0.7256941515502763	3.4813663158919215	1.6458350906983423	5.497053485582173
h16a	10	both	0.3230639569295024	0.5223564924128649	0.28409592516677434	0.7833542624066188	2.865861045522811	1.2998744255602874	4.295424448999354
h16b	2	2a	0.45983375715358676	0.8183899555171007	0.7233508038202647	0.9226312439666503	1.0896602668973958	0.46421253620009817	1.6598951770784116
h16b	2	2b	0.45983375715358676	0.42355804103904277	0.3870231169828195	0.4574781804352177	3.4586517537657437	3.2551309173886938	3.6778612981030827
h16b	2	both	0.45983375715358676	0.6184948618248216	0.43021545657035704	0.8187478203776398	2.2890308290510704	1.087513077734161	3.4187072605778575
h16b	5	2a	0.4016762500042084	0.9619667123100923	0.8072489475380042	1.1375717819447233	0.22819972613944595	-0.8254306916683398	1.1565063147719745
h16b	5	2b	0.4016762500042084	0.27691558826760165	0.0371799919713237	0.4516704692395001	4.33850647039439	3.289977184562999	5.776920048172058
h16b	5	both	0.4016762500042084	0.5848890014822172	0.32903186517301913	0.8548793653552361	2.4906659911066966	0.8707238078685833	4.0258088089618855
h16b	10	2a	0.32176383036848494	0.6351449326768539	0.2788506782715518	1.04420531087932	2.1891304039388766	-0.26523186527591935	4.326895930370689
h16b	10	2b	0.32176383036848494	0.4445605570546532	0.1221851100411486	0.7307819250813101	3.332636657672081	1.6153084495121393	5.266889339753108
h16b	10	both	0.32176383036848494	0.5334615609471756	0.297236932785777	0.7629525402887596	2.7992306343169466	1.4222847582674425	4.216578403285338
