model	coefs	dev_gain	end_cal_rms	obs_0-2	obs_2-5	obs_5-10	obs_10-20	pred_0-2	pred_2-5	pred_5-10	pred_10-20
dsb_pat_L	0.127	45499.57541949302	0.0732476857548137	0.46085578596066556	0.3638746612107251	0.25136464894569144	0.15332776499297968	0.384214352915095	0.29624816693583966	0.17866672199256808	0.07763989738348559
dsb_pat_L+dsb_mat_L	0.071 0.088	57865.321788817644	0.07459823484032924	0.46085578596066556	0.3638746612107251	0.25136464894569144	0.15332776499297968	0.3237008770582926	0.3190100870164081	0.2302561095621277	0.12186799581695776
nco_pat_L+nco_mat_L	0.069 0.085	54063.038089018315	0.0830950838499485	0.46085578596066556	0.3638746612107251	0.25136464894569144	0.15332776499297968	0.3273941634427253	0.2999491987373857	0.19719164188280225	0.10054530854831853
nco_pat_L	0.122	41679.46351631731	0.09748892363600614	0.46085578596066556	0.3638746612107251	0.25136464894569144	0.15332776499297968	0.3608906708488999	0.2653343624594164	0.1508491492357219	0.06271992577595864
co_pat_L	0.106	33077.315459195524	0.13958143800128853	0.46085578596066556	0.3638746612107251	0.25136464894569144	0.15332776499297968	0.23194132599550962	0.23412222720681092	0.17473619104047985	0.10020087287589502
co_pat_L+co_mat_L	0.097 0.018	33724.032576061785	0.15622270182001521	0.46085578596066556	0.3638746612107251	0.25136464894569144	0.15332776499297968	0.19253926796204365	0.22594095772568296	0.18402895666134075	0.10784618177114719
nco_mat_L	0.129	45931.51708646491	0.16306193572343494	0.46085578596066556	0.3638746612107251	0.25136464894569144	0.15332776499297968	0.18375844820732404	0.22457347040566827	0.16722355393776175	0.09774629947915248
dsb_mat_L	0.134	49489.24327037111	0.16556694049917917	0.46085578596066556	0.3638746612107251	0.25136464894569144	0.15332776499297968	0.16349070143669703	0.23267245198365474	0.1977728146628816	0.11960019106261965
co_mat_L	0.069	13571.669802075252	0.3273644853202987	0.46085578596066556	0.3638746612107251	0.25136464894569144	0.15332776499297968	-0.08022578194971244	0.04383799288627481	0.09230310298656305	0.06290256171081302
