first_Mb	side	obs_flank	pred_flank_now	pred_flank_if_end	obs_ends	pred_ends	rho_rec	rho_lo	rho_hi
2	2a	0.3755756442208209	0.06836795206103838	0.39503705386434895	0.46085578596066556	0.384214352915095	0.950735229890078	0.9037859352823193	1.0125090563967714
2	2b	0.19168150564641886	-0.013318932353619112	0.3979777561342459	0.46085578596066556	0.384214352915095	0.48163874159278597	0.4580307381006513	0.5126788324306671
2	both	0.28103344417380016	0.035062740151743294	0.4111815448048213	0.46085578596066556	0.384214352915095	0.6834777672407464	0.651077089948423	0.7258983008015379
5	2a	0.3673760417193531	0.05017267308614634	0.3353961023805485	0.4001293081177933	0.3290592821509918	1.0953497643884942	1.0408709461396237	1.1671028281120956
5	2b	0.10444776052965157	-0.045655859222586886	0.3382949968821799	0.4001293081177933	0.3290592821509918	0.30874757679620146	0.2935948401774367	0.32867742516217247
5	both	0.22289452959512782	0.010781082944763487	0.356671261690262	0.4001293081177933	0.3290592821509918	0.6249298823202986	0.5957977527420015	0.6630008427286003
10	2a	0.2015343887024251	0.01949700547740224	0.24767845066654545	0.3242092042491159	0.2523419013838385	0.8136936748435776	0.7738451479664447	0.8660948212286819
10	2b	0.13423026592209072	0.05033433736563059	0.2699097123766139	0.3242092042491159	0.2523419013838385	0.49731543463243305	0.47374129330713366	0.5281307050917745
10	both	0.1652217744065603	0.03940080383194741	0.26258683026669516	0.3242092042491159	0.2523419013838385	0.6292081527422893	0.5992502706848013	0.6684489258075017
