end_id	obs	pred	n	resid
chr10_p	0.14056606976091265	0.26937353005245446	25427	-0.1288074602915418
chr10_q	0.3427545381867879	0.3197437604895682	22792	0.02301077769721971
chr11_p	0.47205065854399847	0.3227689334861359	23220	0.14928172505786258
chr11_q	0.28781451572078015	0.3469182116771426	23759	-0.059103695956362445
chr12_p	0.40198720027144513	0.348605498821575	22411	0.053381701449870145
chr12_q	0.40910067772508696	0.3163740635273269	23148	0.09272661419776007
chr13_q	0.4169495539691207	0.3429700787664002	20153	0.07397947520272052
chr14_q	0.4004933734426799	0.3239550639119815	20418	0.0765383095306984
chr15_q	0.38429356142659066	0.3143370067592002	24598	0.06995655466739048
chr16_p	0.5412971782691469	0.35518507442885106	22303	0.18611210384029586
chr16_q	0.6062224080327456	0.27838467912433074	25573	0.3278377289084149
chr17_p	0.45675150563114	0.35842556743017484	23252	0.09832593820096514
chr17_q	0.5020581985464279	0.32162455859128514	20353	0.18043363995514272
chr18_p	0.44338785765057953	0.3201736778358063	23262	0.12321417981477323
chr18_q	0.2398427663489704	0.3216258933769524	22431	-0.08178312702798202
chr19_p	0.5299475173528743	0.3707088044794715	22541	0.15923871287340274
chr19_q	0.3384383487772192	0.3127409515841602	21805	0.02569739719305897
chr1_p	0.40830796419613025	0.34750848972689163	20510	0.06079947446923861
chr1_q	0.3082603325936677	0.3069644470546721	22543	0.0012958855389956225
chr20_p	0.4759219611202486	0.28606150667763647	21493	0.18986045444261213
chr20_q	0.42717793120353276	0.3424935957037515	20317	0.08468433549978127
chr21_q	0.4648717309750553	0.31170792118446955	22723	0.15316380979058575
chr22_q	0.428752113201587	0.32518869731742595	24121	0.10356341588416107
chr2_p	0.1831287871984589	0.2956409249976775	24238	-0.11251213779921862
chr2_q	0.384204602002129	0.36135751336921135	22123	0.022847088632917678
chr3_p	0.36460295936566933	0.3237192218016023	28696	0.040883737564067046
chr3_q	0.3827007218881322	0.33240073611972054	19969	0.05029998576841166
chr4_p	0.3578852438071263	0.3523282065793816	22994	0.005557037227744699
chr4_q	0.22753826981252886	0.2890939902969428	24378	-0.06155572048441396
chr5_p	0.29354634286393033	0.3051429339777916	26295	-0.011596591113861243
chr5_q	0.45284701976930697	0.34655665951092	21154	0.10629036025838695
chr6_p	0.3730307561292496	0.3617209897766153	23534	0.011309766352634254
chr6_q	0.3541272095335343	0.20081855826167988	22862	0.15330865127185445
chr7_p	0.45365659139466596	0.3528963500452942	25477	0.10076024134937178
chr7_q	0.3260813244384607	0.30141630159412114	21574	0.02466502284433958
chr8_p	0.3366351077578472	0.3026224744846311	39630	0.03401263327321613
chr8_q	0.40733344869695204	0.3473832316792365	22061	0.059950217017715524
chr9_p	0.5696317238086334	0.308778772193644	27436	0.26085295161498934
chr9_q	0.521313377737187	0.3474566332047467	21066	0.17385674453244032
