sex	k_Mb	side	var	fusion	ends_median	ends_q25	ends_q75	interior_median	pct_among_ends
pat	0	fusion_2a	cMperMb	0.632584	3.397313	2.9045164999999997	4.518851	0.5653695000000001	0.02564102564102564
pat	0	fusion_2a	map	0.0290574783266887	0.1886291698756301	0.12159180674263495	0.2209907901217409	0.023674447142176598	0.0
pat	0	fusion_2a	DSB	0.1288815933067548	0.8334084827931652	0.5549097329273625	0.9758753923643018	0.1070086210707212	0.0
pat	0	fusion_2a	oNCO	0.0006150061500615	0.0025830258302583	0.0020295202952029	0.003290282902829	0.0005535055350553	0.02564102564102564
pat	0	fusion_2b	cMperMb	0.68823	3.397313	2.9045164999999997	4.518851	0.5653695000000001	0.02564102564102564
pat	0	fusion_2b	map	0.0193898037630288	0.1886291698756301	0.12159180674263495	0.2209907901217409	0.023674447142176598	0.0
pat	0	fusion_2b	DSB	0.0913238150521152	0.8334084827931652	0.5549097329273625	0.9758753923643018	0.1070086210707212	0.0
pat	0	fusion_2b	oNCO	0.0003690036900369	0.0025830258302583	0.0020295202952029	0.003290282902829	0.0005535055350553	0.0
pat	1	fusion_2a	cMperMb	0.391456	4.108844	3.072829	4.8712025	0.5653695000000001	0.0
pat	1	fusion_2a	map	0.0339764680900841	0.1454039647475067	0.1167660551317811	0.20457224376237076	0.023674447142176598	0.0
pat	1	fusion_2a	DSB	0.1437349923603364	0.6670016189900267	0.5501816477898398	0.8829463678194291	0.1070086210707212	0.0
pat	1	fusion_2a	oNCO	0.0007380073800738	0.0035055350553505	0.0027982779827798	0.00421279212792125	0.0005535055350553	0.0
pat	1	fusion_2b	cMperMb	0.73639	4.108844	3.072829	4.8712025	0.5653695000000001	0.0
pat	1	fusion_2b	map	0.0206365728933194	0.1454039647475067	0.1167660551317811	0.20457224376237076	0.023674447142176598	0.0
pat	1	fusion_2b	DSB	0.0972740915732776	0.6670016189900267	0.5501816477898398	0.8829463678194291	0.1070086210707212	0.0
pat	1	fusion_2b	oNCO	0.000430504305043	0.0035055350553505	0.0027982779827798	0.00421279212792125	0.0005535055350553	0.0
pat	2	fusion_2a	cMperMb	0.313673	4.170128	3.27564	4.921745	0.5653695000000001	0.0
pat	2	fusion_2a	map	0.0467686718375118	0.1114766526528123	0.09648040226045354	0.12851838168460766	0.023674447142176598	0.0
pat	2	fusion_2a	DSB	0.1933481473500472	0.5389772306112492	0.48263763628795264	0.5796707801760561	0.1070086210707212	0.0
pat	2	fusion_2a	oNCO	0.0007380073800738	0.0030135301353013	0.0023062730627306	0.0036592865928659	0.0005535055350553	0.0
pat	2	fusion_2b	cMperMb	0.453191	4.170128	3.27564	4.921745	0.5653695000000001	0.0
pat	2	fusion_2b	map	0.0133147684623434	0.1114766526528123	0.09648040226045354	0.12851838168460766	0.023674447142176598	0.0
pat	2	fusion_2b	DSB	0.0623228938493736	0.5389772306112492	0.48263763628795264	0.5796707801760561	0.1070086210707212	0.0
pat	2	fusion_2b	oNCO	0.0002460024600246	0.0030135301353013	0.0023062730627306	0.0036592865928659	0.0005535055350553	0.0
pat	3	fusion_2a	cMperMb	0.347175	3.878269	3.3243525	4.6022675	0.5653695000000001	0.0
pat	3	fusion_2a	map	0.0435749870216395	0.0927563916131098	0.0802348799411277	0.104565965555676	0.023674447142176598	0.02564102564102564
pat	3	fusion_2a	DSB	0.1812434480865579	0.4620906464524392	0.3932826869444924	0.49865170650087975	0.1070086210707212	0.0
pat	3	fusion_2a	oNCO	0.0006765067650676	0.0025830258302583	0.002060270602706	0.0029520295202952	0.0005535055350553	0.0
pat	3	fusion_2b	cMperMb	0.557826	3.878269	3.3243525	4.6022675	0.5653695000000001	0.0
pat	3	fusion_2b	map	0.0163341450663448	0.0927563916131098	0.0802348799411277	0.104565965555676	0.023674447142176598	0.0
pat	3	fusion_2b	DSB	0.0764931002653792	0.4620906464524392	0.3932826869444924	0.49865170650087975	0.1070086210707212	0.0
pat	3	fusion_2b	oNCO	0.0003690036900369	0.0025830258302583	0.002060270602706	0.0029520295202952	0.0005535055350553	0.0
pat	4	fusion_2a	cMperMb	0.282553	3.419897	2.721342	4.036534	0.5653695000000001	0.0
pat	4	fusion_2a	map	0.0250570670409878	0.0765099099993499	0.0659427264732764	0.08828990513898755	0.023674447142176598	0.0
pat	4	fusion_2a	DSB	0.1058793281639512	0.3782047551991583	0.3269458765124216	0.4206332404478176	0.1070086210707212	0.0
pat	4	fusion_2a	oNCO	0.000430504305043	0.0019680196801968	0.0017220172201722	0.0023985239852398	0.0005535055350553	0.0
pat	4	fusion_2b	cMperMb	0.673087	3.419897	2.721342	4.036534	0.5653695000000001	0.0
pat	4	fusion_2b	map	0.0175371840236733	0.0765099099993499	0.0659427264732764	0.08828990513898755	0.023674447142176598	0.0
pat	4	fusion_2b	DSB	0.0836104760946932	0.3782047551991583	0.3269458765124216	0.4206332404478176	0.1070086210707212	0.0
pat	4	fusion_2b	oNCO	0.0004920049200492	0.0019680196801968	0.0017220172201722	0.0023985239852398	0.0005535055350553	0.0
pat	5	fusion_2a	cMperMb	0.478681	2.747014	2.300669	3.3956395	0.5653695000000001	0.0
pat	5	fusion_2a	map	0.0208160097229155	0.0615790616998753	0.0513861762907201	0.07643955974551844	0.023674447142176598	0.0
pat	5	fusion_2a	DSB	0.092837658891662	0.3065546086650836	0.27088493790721235	0.36282311972007897	0.1070086210707212	0.0
pat	5	fusion_2a	oNCO	0.000430504305043	0.0017220172201722	0.0014760147601476	0.0020295202952029	0.0005535055350553	0.0
pat	5	fusion_2b	cMperMb	0.89125	2.747014	2.300669	3.3956395	0.5653695000000001	0.0
pat	5	fusion_2b	map	0.0347994219085696	0.0615790616998753	0.0513861762907201	0.07643955974551844	0.023674447142176598	0.05128205128205128
pat	5	fusion_2b	DSB	0.1570226876342784	0.3065546086650836	0.27088493790721235	0.36282311972007897	0.1070086210707212	0.0
pat	5	fusion_2b	oNCO	0.0010455104551045	0.0017220172201722	0.0014760147601476	0.0020295202952029	0.0005535055350553	0.0
pat	6	fusion_2a	cMperMb	0.49073	2.390326	2.056513	2.690549	0.5653695000000001	0.0
pat	6	fusion_2a	map	0.0181288859505052	0.0558697863779057	0.04291778080402705	0.07283386573996625	0.023674447142176598	0.0
pat	6	fusion_2a	DSB	0.0823301438020208	0.2709129402490588	0.2253591300279538	0.33693702071997234	0.1070086210707212	0.0
pat	6	fusion_2a	oNCO	0.0003690036900369	0.0017220172201722	0.00126076260762605	0.0020295202952029	0.0005535055350553	0.0
pat	6	fusion_2b	cMperMb	0.864605	2.390326	2.056513	2.690549	0.5653695000000001	0.0
pat	6	fusion_2b	map	0.0545044217235302	0.0558697863779057	0.04291778080402705	0.07283386573996625	0.023674447142176598	0.46153846153846156
pat	6	fusion_2b	DSB	0.2353097868941208	0.2709129402490588	0.2253591300279538	0.33693702071997234	0.1070086210707212	0.358974358974359
pat	6	fusion_2b	oNCO	0.0013530135301353	0.0017220172201722	0.00126076260762605	0.0020295202952029	0.0005535055350553	0.28205128205128205
pat	7	fusion_2a	cMperMb	0.737634	2.0018	1.8462415	2.515788	0.5653695000000001	0.0
pat	7	fusion_2a	map	0.0232411547925493	0.0553037175819266	0.04677578436805195	0.06626724985170505	0.023674447142176598	0.07692307692307693
pat	7	fusion_2a	DSB	0.1077172991701972	0.2647685129445404	0.22400292747220774	0.30741649537980015	0.1070086210707212	0.0
pat	7	fusion_2a	oNCO	0.0006765067650676	0.0015375153751537	0.0013222632226322	0.0018450184501845	0.0005535055350553	0.02564102564102564
pat	7	fusion_2b	cMperMb	0.895539	2.0018	1.8462415	2.515788	0.5653695000000001	0.0
pat	7	fusion_2b	map	0.0784621009415814	0.0553037175819266	0.04677578436805195	0.06626724985170505	0.023674447142176598	0.8974358974358975
pat	7	fusion_2b	DSB	0.3317591837663256	0.2647685129445404	0.22400292747220774	0.30741649537980015	0.1070086210707212	0.8205128205128205
pat	7	fusion_2b	oNCO	0.0017835178351783	0.0015375153751537	0.0013222632226322	0.0018450184501845	0.0005535055350553	0.6666666666666666
pat	8	fusion_2a	cMperMb	0.785641	1.73685	1.417148	2.1513485	0.5653695000000001	0.02564102564102564
pat	8	fusion_2a	map	0.0239213045904998	0.0441290298864638	0.0294017904567447	0.06091854047027745	0.023674447142176598	0.10256410256410256
pat	8	fusion_2a	DSB	0.1113980383619992	0.2194742395458551	0.15385011636647322	0.281692663353673	0.1070086210707212	0.05128205128205128
pat	8	fusion_2a	oNCO	0.0006765067650676	0.0011685116851168	0.00089175891758915	0.0015682656826568001	0.0005535055350553	0.07692307692307693
pat	8	fusion_2b	cMperMb	0.819888	1.73685	1.417148	2.1513485	0.5653695000000001	0.02564102564102564
pat	8	fusion_2b	map	0.0577565459108973	0.0441290298864638	0.0294017904567447	0.06091854047027745	0.023674447142176598	0.6923076923076923
pat	8	fusion_2b	DSB	0.2474239436435892	0.2194742395458551	0.15385011636647322	0.281692663353673	0.1070086210707212	0.6153846153846154
pat	8	fusion_2b	oNCO	0.0015375153751537	0.0011685116851168	0.00089175891758915	0.0015682656826568001	0.0005535055350553	0.6666666666666666
pat	9	fusion_2a	cMperMb	0.78139	1.415327	1.1551434999999999	1.9128895	0.5653695000000001	0.05128205128205128
pat	9	fusion_2a	map	0.0219651132491822	0.0398464047008206	0.03014913299196385	0.051763239181673595	0.023674447142176598	0.10256410256410256
pat	9	fusion_2a	DSB	0.1034882529967288	0.1870971817990556	0.1563373318279502	0.23200734672669437	0.1070086210707212	0.07692307692307693
pat	9	fusion_2a	oNCO	0.0005535055350553	0.0011685116851168	0.00076875768757685	0.0014760147601476	0.0005535055350553	0.07692307692307693
pat	9	fusion_2b	cMperMb	0.919013	1.415327	1.1551434999999999	1.9128895	0.5653695000000001	0.15384615384615385
pat	9	fusion_2b	map	0.0429226130020971	0.0398464047008206	0.03014913299196385	0.051763239181673595	0.023674447142176598	0.5641025641025641
pat	9	fusion_2b	DSB	0.1900707120083884	0.1870971817990556	0.1563373318279502	0.23200734672669437	0.1070086210707212	0.5128205128205128
pat	9	fusion_2b	oNCO	0.0012915129151291	0.0011685116851168	0.00076875768757685	0.0014760147601476	0.0005535055350553	0.6666666666666666
pat	10	fusion_2a	cMperMb	0.663859	1.268972	0.9965035	1.627453	0.5653695000000001	0.1282051282051282
pat	10	fusion_2a	map	0.0177858445000176	0.0428279722095674	0.026275369345779398	0.0483365546660459	0.023674447142176598	0.02564102564102564
pat	10	fusion_2a	DSB	0.0844205580000704	0.1912567945082896	0.12634288134413418	0.2185987807582574	0.1070086210707212	0.02564102564102564
pat	10	fusion_2a	oNCO	0.0003690036900369	0.0011685116851168	0.0007380073800738	0.0013837638376383498	0.0005535055350553	0.0
pat	10	fusion_2b	cMperMb	0.705702	1.268972	0.9965035	1.627453	0.5653695000000001	0.1282051282051282
pat	10	fusion_2b	map	0.019593093752514	0.0428279722095674	0.026275369345779398	0.0483365546660459	0.023674447142176598	0.02564102564102564
pat	10	fusion_2b	DSB	0.092486415010056	0.1912567945082896	0.12634288134413418	0.2185987807582574	0.1070086210707212	0.02564102564102564
pat	10	fusion_2b	oNCO	0.0006765067650676	0.0011685116851168	0.0007380073800738	0.0013837638376383498	0.0005535055350553	0.15384615384615385
pat	11	fusion_2a	cMperMb	0.514873	1.22428	1.0275185	1.5441444999999998	0.5653695000000001	0.02564102564102564
pat	11	fusion_2a	map	0.0155662196462374	0.0345188433876429	0.02955483223407985	0.044713334663012055	0.023674447142176598	0.02564102564102564
pat	11	fusion_2a	DSB	0.0725623385849495	0.1689794452298323	0.1422195424665882	0.19893861922983958	0.1070086210707212	0.0
pat	11	fusion_2a	oNCO	0.0003075030750307	0.0010455104551045	0.0007995079950799	0.0014145141451414	0.0005535055350553	0.0
pat	11	fusion_2b	cMperMb	0.737711	1.22428	1.0275185	1.5441444999999998	0.5653695000000001	0.15384615384615385
pat	11	fusion_2b	map	0.0176375638353533	0.0345188433876429	0.02955483223407985	0.044713334663012055	0.023674447142176598	0.02564102564102564
pat	11	fusion_2b	DSB	0.0853044753414132	0.1689794452298323	0.1422195424665882	0.19893861922983958	0.1070086210707212	0.02564102564102564
pat	11	fusion_2b	oNCO	0.0006150061500615	0.0010455104551045	0.0007995079950799	0.0014145141451414	0.0005535055350553	0.10256410256410256
pat	12	fusion_2a	cMperMb	0.670771	1.193646	0.9587060000000001	1.414131	0.5653695000000001	0.02564102564102564
pat	12	fusion_2a	map	0.0225887734618702	0.0315738878997056	0.02610611857517835	0.0462460833101825	0.023674447142176598	0.10256410256410256
pat	12	fusion_2a	DSB	0.1037705138474808	0.1490953515988224	0.12590093430071336	0.20769049324073	0.1070086210707212	0.02564102564102564
pat	12	fusion_2a	oNCO	0.0006150061500615	0.0009840098400984	0.0007380073800738	0.00126076260762605	0.0005535055350553	0.10256410256410256
pat	12	fusion_2b	cMperMb	0.574209	1.193646	0.9587060000000001	1.414131	0.5653695000000001	0.0
pat	12	fusion_2b	map	0.0191631385367267	0.0315738878997056	0.02610611857517835	0.0462460833101825	0.023674447142176598	0.0
pat	12	fusion_2b	DSB	0.0881367341469068	0.1490953515988224	0.12590093430071336	0.20769049324073	0.1070086210707212	0.0
pat	12	fusion_2b	oNCO	0.0005535055350553	0.0009840098400984	0.0007380073800738	0.00126076260762605	0.0005535055350553	0.02564102564102564
pat	13	fusion_2a	cMperMb	0.553451	1.110573	0.9977594999999999	1.394727	0.5653695000000001	0.05128205128205128
pat	13	fusion_2a	map	0.0202046303177258	0.0320467109337418	0.02644192941871475	0.0491865394423376	0.023674447142176598	0.15384615384615385
pat	13	fusion_2a	DSB	0.0918875412709032	0.1471279758540092	0.11863024762654975	0.22740136776935038	0.1070086210707212	0.02564102564102564
pat	13	fusion_2a	oNCO	0.000430504305043	0.0009225092250922	0.00064575645756455	0.0013530135301353	0.0005535055350553	0.02564102564102564
pat	13	fusion_2b	cMperMb	0.777564	1.110573	0.9977594999999999	1.394727	0.5653695000000001	0.10256410256410256
pat	13	fusion_2b	map	0.01971294804855	0.0320467109337418	0.02644192941871475	0.0491865394423376	0.023674447142176598	0.10256410256410256
pat	13	fusion_2b	DSB	0.0944030721942	0.1471279758540092	0.11863024762654975	0.22740136776935038	0.1070086210707212	0.07692307692307693
pat	13	fusion_2b	oNCO	0.0005535055350553	0.0009225092250922	0.00064575645756455	0.0013530135301353	0.0005535055350553	0.1794871794871795
pat	14	fusion_2a	cMperMb	0.529694	1.091405	0.897617	1.2213565	0.5653695000000001	0.02564102564102564
pat	14	fusion_2a	map	0.0324391658022661	0.0298838518989562	0.025885316732545252	0.04867139461288365	0.023674447142176598	0.5641025641025641
pat	14	fusion_2a	DSB	0.1403505432090644	0.142974968364068	0.121973131340808	0.2213067485772092	0.1070086210707212	0.4358974358974359
pat	14	fusion_2a	oNCO	0.0007380073800738	0.0008610086100861	0.0006765067650676	0.0012915129151291	0.0005535055350553	0.28205128205128205
pat	14	fusion_2b	cMperMb	0.902906	1.091405	0.897617	1.2213565	0.5653695000000001	0.2564102564102564
pat	14	fusion_2b	map	0.0212182262398524	0.0298838518989562	0.025885316732545252	0.04867139461288365	0.023674447142176598	0.07692307692307693
pat	14	fusion_2b	DSB	0.1029310249594096	0.142974968364068	0.121973131340808	0.2213067485772092	0.1070086210707212	0.07692307692307693
pat	14	fusion_2b	oNCO	0.0005535055350553	0.0008610086100861	0.0006765067650676	0.0012915129151291	0.0005535055350553	0.15384615384615385
mat	0	fusion_2a	cMperMb	1.128843	0.386296	0.223963	0.584889	1.19794	1.0
mat	0	fusion_2a	map	0.0192732747822373	0.044092382517623	0.0323042008649937	0.0577517540135657	0.020025542078035752	0.07692307692307693
mat	0	fusion_2a	DSB	0.0996699591289492	0.1873248337976583	0.1359612134599748	0.2429068060542628	0.1068867777276386	0.10256410256410256
mat	0	fusion_2a	oNCO	0.0004920049200492	0.0010455104551045	0.0007995079950799	0.0015375153751537	0.0007380073800738	0.10256410256410256
mat	0	fusion_2b	cMperMb	0.969601	0.386296	0.223963	0.584889	1.19794	1.0
mat	0	fusion_2b	map	0.0210632643090216	0.044092382517623	0.0323042008649937	0.0577517540135657	0.020025542078035752	0.10256410256410256
mat	0	fusion_2b	DSB	0.1036450772360864	0.1873248337976583	0.1359612134599748	0.2429068060542628	0.1068867777276386	0.1282051282051282
mat	0	fusion_2b	oNCO	0.0006765067650676	0.0010455104551045	0.0007995079950799	0.0015375153751537	0.0007380073800738	0.1794871794871795
mat	1	fusion_2a	cMperMb	1.515928	0.649681	0.46206800000000003	0.90005	1.19794	0.8974358974358975
mat	1	fusion_2a	map	0.0124658780779454	0.0521795162831862	0.04014897316331995	0.06645250112916634	0.020025542078035752	0.0
mat	1	fusion_2a	DSB	0.0801820723117816	0.2201461834602124	0.1759594020567872	0.2802547668629372	0.1068867777276386	0.02564102564102564
mat	1	fusion_2a	oNCO	0.0001230012300123	0.0020295202952029	0.00150676506765065	0.0024292742927428997	0.0007380073800738	0.0
mat	1	fusion_2b	cMperMb	0.64004	0.649681	0.46206800000000003	0.90005	1.19794	0.46153846153846156
mat	1	fusion_2b	map	0.0213674108032018	0.0521795162831862	0.04014897316331995	0.06645250112916634	0.020025542078035752	0.07692307692307693
mat	1	fusion_2b	DSB	0.0982704432128072	0.2201461834602124	0.1759594020567872	0.2802547668629372	0.1068867777276386	0.07692307692307693
mat	1	fusion_2b	oNCO	0.0007995079950799	0.0020295202952029	0.00150676506765065	0.0024292742927428997	0.0007380073800738	0.07692307692307693
mat	2	fusion_2a	cMperMb	1.222251	1.12539	0.852439	1.8293555000000001	1.19794	0.5641025641025641
mat	2	fusion_2a	map	0.0220174773013303	0.0588099659485449	0.0467774197429016	0.07483685551430805	0.020025542078035752	0.0
mat	2	fusion_2a	DSB	0.1125149292053212	0.2738996759044268	0.2212858420926572	0.33641677870087217	0.1068867777276386	0.02564102564102564
mat	2	fusion_2a	oNCO	0.0001845018450184	0.0023985239852398	0.00199876998769985	0.002890528905289	0.0007380073800738	0.0
mat	2	fusion_2b	cMperMb	0.385573	1.12539	0.852439	1.8293555000000001	1.19794	0.0
mat	2	fusion_2b	map	0.0122495615759996	0.0588099659485449	0.0467774197429016	0.07483685551430805	0.020025542078035752	0.0
mat	2	fusion_2b	DSB	0.0567097063039983	0.2738996759044268	0.2212858420926572	0.33641677870087217	0.1068867777276386	0.0
mat	2	fusion_2b	oNCO	0.0006765067650676	0.0023985239852398	0.00199876998769985	0.002890528905289	0.0007380073800738	0.0
mat	3	fusion_2a	cMperMb	1.482828	1.74047	1.378874	2.2873764999999997	1.19794	0.3076923076923077
mat	3	fusion_2a	map	0.0408308270964353	0.0561187597145471	0.0487755069153646	0.0649719940918423	0.020025542078035752	0.10256410256410256
mat	3	fusion_2a	DSB	0.1929798683857412	0.2560891376421459	0.2335423998986792	0.32153779307813696	0.1068867777276386	0.07692307692307693
mat	3	fusion_2a	oNCO	0.0005535055350553	0.0023370233702337	0.0020295202952029	0.0027675276752767	0.0007380073800738	0.0
mat	3	fusion_2b	cMperMb	0.54925	1.74047	1.378874	2.2873764999999997	1.19794	0.0
mat	3	fusion_2b	map	0.0121440460873088	0.0561187597145471	0.0487755069153646	0.0649719940918423	0.020025542078035752	0.0
mat	3	fusion_2b	DSB	0.0595611843492352	0.2560891376421459	0.2335423998986792	0.32153779307813696	0.1068867777276386	0.0
mat	3	fusion_2b	oNCO	0.0007380073800738	0.0023370233702337	0.0020295202952029	0.0027675276752767	0.0007380073800738	0.0
mat	4	fusion_2a	cMperMb	0.950628	2.437345	1.7669139999999999	2.736764	1.19794	0.02564102564102564
mat	4	fusion_2a	map	0.0355552821603309	0.0533581968427042	0.0499355683113199	0.0638235096443331	0.020025542078035752	0.07692307692307693
mat	4	fusion_2a	DSB	0.1612336886413236	0.2601936639537208	0.2398790050044226	0.3007950397061202	0.1068867777276386	0.02564102564102564
mat	4	fusion_2a	oNCO	0.0006765067650676	0.0022755227552275	0.0019372693726937	0.0025830258302582502	0.0007380073800738	0.0
mat	4	fusion_2b	cMperMb	0.84559	2.437345	1.7669139999999999	2.736764	1.19794	0.02564102564102564
mat	4	fusion_2b	map	0.0148206658741996	0.0533581968427042	0.0499355683113199	0.0638235096443331	0.020025542078035752	0.0
mat	4	fusion_2b	DSB	0.0761944634967984	0.2601936639537208	0.2398790050044226	0.3007950397061202	0.1068867777276386	0.0
mat	4	fusion_2b	oNCO	0.0007380073800738	0.0022755227552275	0.0019372693726937	0.0025830258302582502	0.0007380073800738	0.0
mat	5	fusion_2a	cMperMb	1.064896	2.583251	2.080511	3.194919	1.19794	0.0
mat	5	fusion_2a	map	0.0256939067528894	0.0505286063196832	0.0388620806890818	0.06363472844814744	0.020025542078035752	0.05128205128205128
mat	5	fusion_2a	DSB	0.1240735470115576	0.2551542960614968	0.2134444490116562	0.30768639608568915	0.1068867777276386	0.0
mat	5	fusion_2a	oNCO	0.0007380073800738	0.0020295202952029	0.00175276752767525	0.002460024600246	0.0007380073800738	0.0
mat	5	fusion_2b	cMperMb	1.879724	2.583251	2.080511	3.194919	1.19794	0.15384615384615385
mat	5	fusion_2b	map	0.0149700370853019	0.0505286063196832	0.0388620806890818	0.06363472844814744	0.020025542078035752	0.0
mat	5	fusion_2b	DSB	0.0974746283412076	0.2551542960614968	0.2134444490116562	0.30768639608568915	0.1068867777276386	0.0
mat	5	fusion_2b	oNCO	0.0006150061500615	0.0020295202952029	0.00175276752767525	0.002460024600246	0.0007380073800738	0.0
mat	6	fusion_2a	cMperMb	0.885349	2.872413	2.1932725	3.3980775000000003	1.19794	0.0
mat	6	fusion_2a	map	0.013989069940171	0.0533644209170083	0.03454685584835045	0.06419002281509074	0.020025542078035752	0.0
mat	6	fusion_2a	DSB	0.073663259760684	0.265693031969468	0.1919035573557898	0.31374156329723357	0.1068867777276386	0.0
mat	6	fusion_2a	oNCO	0.000430504305043	0.0020295202952029	0.0015682656826568001	0.0026445264452644003	0.0007380073800738	0.0
mat	6	fusion_2b	cMperMb	2.231982	2.872413	2.1932725	3.3980775000000003	1.19794	0.28205128205128205
mat	6	fusion_2b	map	0.0153214276948448	0.0533644209170083	0.03454685584835045	0.06419002281509074	0.020025542078035752	0.0
mat	6	fusion_2b	DSB	0.1059253507793792	0.265693031969468	0.1919035573557898	0.31374156329723357	0.1068867777276386	0.0
mat	6	fusion_2b	oNCO	0.0004920049200492	0.0020295202952029	0.0015682656826568001	0.0026445264452644003	0.0007380073800738	0.0
mat	7	fusion_2a	cMperMb	1.496645	2.765026	2.18884	3.3735489999999997	1.19794	0.02564102564102564
mat	7	fusion_2a	map	0.011119254632814	0.0455228733237238	0.029521001266131802	0.060316519231482305	0.020025542078035752	0.0
mat	7	fusion_2a	DSB	0.074409918531256	0.2410175040450384	0.19574359173575395	0.294597228500157	0.1068867777276386	0.0
mat	7	fusion_2a	oNCO	0.0003690036900369	0.0019065190651906	0.001660516605166	0.0025830258302582502	0.0007380073800738	0.0
mat	7	fusion_2b	cMperMb	2.120212	2.765026	2.18884	3.3735489999999997	1.19794	0.23076923076923078
mat	7	fusion_2b	map	0.0105141696660896	0.0455228733237238	0.029521001266131802	0.060316519231482305	0.020025542078035752	0.0
mat	7	fusion_2b	DSB	0.0844609186643584	0.2410175040450384	0.19574359173575395	0.294597228500157	0.1068867777276386	0.0
mat	7	fusion_2b	oNCO	0.0004920049200492	0.0019065190651906	0.001660516605166	0.0025830258302582502	0.0007380073800738	0.0
mat	8	fusion_2a	cMperMb	1.702405	2.788332	2.0398155	3.2414034999999997	1.19794	0.1282051282051282
mat	8	fusion_2a	map	0.010624205273934	0.0400016042146834	0.03011541389917655	0.05639348547375625	0.020025542078035752	0.02564102564102564
mat	8	fusion_2a	DSB	0.0765449210957359	0.2197458768587336	0.17441302689138	0.2738421304194256	0.1068867777276386	0.02564102564102564
mat	8	fusion_2a	oNCO	0.0003690036900369	0.0019680196801968	0.0014760147601476	0.0022755227552275	0.0007380073800738	0.0
mat	8	fusion_2b	cMperMb	1.13226	2.788332	2.0398155	3.2414034999999997	1.19794	0.02564102564102564
mat	8	fusion_2b	map	0.0096731896929894	0.0400016042146834	0.03011541389917655	0.05639348547375625	0.020025542078035752	0.02564102564102564
mat	8	fusion_2b	DSB	0.0613379587719576	0.2197458768587336	0.17441302689138	0.2738421304194256	0.1068867777276386	0.02564102564102564
mat	8	fusion_2b	oNCO	0.000430504305043	0.0019680196801968	0.0014760147601476	0.0022755227552275	0.0007380073800738	0.0
mat	9	fusion_2a	cMperMb	1.505701	2.487358	1.941523	2.9360625	1.19794	0.10256410256410256
mat	9	fusion_2a	map	0.0142340310073783	0.0368739996734286	0.024072268903272	0.04760693086363575	0.020025542078035752	0.0
mat	9	fusion_2a	DSB	0.0870501440295132	0.1916015186937144	0.15244723913571115	0.255183794379219	0.1068867777276386	0.0
mat	9	fusion_2a	oNCO	0.000430504305043	0.0017220172201722	0.0011992619926199	0.0019372693726937	0.0007380073800738	0.0
mat	9	fusion_2b	cMperMb	0.654819	2.487358	1.941523	2.9360625	1.19794	0.02564102564102564
mat	9	fusion_2b	map	0.0067552484941402	0.0368739996734286	0.024072268903272	0.04760693086363575	0.020025542078035752	0.0
mat	9	fusion_2b	DSB	0.0401173739765608	0.1916015186937144	0.15244723913571115	0.255183794379219	0.1068867777276386	0.0
mat	9	fusion_2b	oNCO	0.0003690036900369	0.0017220172201722	0.0011992619926199	0.0019372693726937	0.0007380073800738	0.0
mat	10	fusion_2a	cMperMb	1.003943	2.532148	1.9991975000000002	2.9456865	1.19794	0.07692307692307693
mat	10	fusion_2a	map	0.0171409031149326	0.0362394314193797	0.0263362491754004	0.0479514512229237	0.020025542078035752	0.05128205128205128
mat	10	fusion_2a	DSB	0.0886424724597304	0.1973471310546004	0.15373892831996233	0.241140517350885	0.1068867777276386	0.0
mat	10	fusion_2a	oNCO	0.000430504305043	0.001660516605166	0.0011992619926199	0.0022447724477244503	0.0007380073800738	0.0
mat	10	fusion_2b	cMperMb	0.425216	2.532148	1.9991975000000002	2.9456865	1.19794	0.0
mat	10	fusion_2b	map	0.0053197883912447	0.0362394314193797	0.0263362491754004	0.0479514512229237	0.020025542078035752	0.0
mat	10	fusion_2b	DSB	0.0297834735649787	0.1973471310546004	0.15373892831996233	0.241140517350885	0.1068867777276386	0.0
mat	10	fusion_2b	oNCO	0.0002460024600246	0.001660516605166	0.0011992619926199	0.0022447724477244503	0.0007380073800738	0.0
mat	11	fusion_2a	cMperMb	0.820147	2.573677	1.9288045	2.8736305	1.19794	0.02564102564102564
mat	11	fusion_2a	map	0.0171006086218389	0.0358465337848561	0.02613189394409135	0.046637812051761304	0.020025542078035752	0.10256410256410256
mat	11	fusion_2a	DSB	0.0848053744873555	0.1951480670133152	0.146693337714774	0.24426180973704942	0.1068867777276386	0.05128205128205128
mat	11	fusion_2a	oNCO	0.0005535055350553	0.0017220172201722	0.00116851168511685	0.0020295202952029	0.0007380073800738	0.05128205128205128
mat	11	fusion_2b	cMperMb	0.627128	2.573677	1.9288045	2.8736305	1.19794	0.0
mat	11	fusion_2b	map	0.0095716038262385	0.0358465337848561	0.02613189394409135	0.046637812051761304	0.020025542078035752	0.02564102564102564
mat	11	fusion_2b	DSB	0.050828975304954	0.1951480670133152	0.146693337714774	0.24426180973704942	0.1068867777276386	0.0
mat	11	fusion_2b	oNCO	0.0005535055350553	0.0017220172201722	0.00116851168511685	0.0020295202952029	0.0007380073800738	0.05128205128205128
mat	12	fusion_2a	cMperMb	1.137942	2.256897	1.9667565	2.697829	1.19794	0.05128205128205128
mat	12	fusion_2a	map	0.0124189870702045	0.0378320273221839	0.0212276239600473	0.04950302300498935	0.020025542078035752	0.02564102564102564
mat	12	fusion_2a	DSB	0.072434788280818	0.1911057891062052	0.1329022413326866	0.2466622701099212	0.1068867777276386	0.02564102564102564
mat	12	fusion_2a	oNCO	0.0004920049200492	0.0014145141451414	0.0010455104551045	0.00212177121771215	0.0007380073800738	0.02564102564102564
mat	12	fusion_2b	cMperMb	0.885327	2.256897	1.9667565	2.697829	1.19794	0.05128205128205128
mat	12	fusion_2b	map	0.0104107627511888	0.0378320273221839	0.0212276239600473	0.04950302300498935	0.020025542078035752	0.02564102564102564
mat	12	fusion_2b	DSB	0.0593495910047551	0.1911057891062052	0.1329022413326866	0.2466622701099212	0.1068867777276386	0.02564102564102564
mat	12	fusion_2b	oNCO	0.0006150061500615	0.0014145141451414	0.0010455104551045	0.00212177121771215	0.0007380073800738	0.02564102564102564
mat	13	fusion_2a	cMperMb	0.892885	2.040204	1.6159485	2.375774	1.19794	0.02564102564102564
mat	13	fusion_2a	map	0.0140540475564619	0.0306564085365322	0.02139551807338205	0.0439611589482679	0.020025542078035752	0.05128205128205128
mat	13	fusion_2a	DSB	0.0740738902258476	0.1642987022210708	0.1202942432682948	0.2269276001925234	0.1068867777276386	0.05128205128205128
mat	13	fusion_2a	oNCO	0.0006150061500615	0.0013530135301353	0.0009840098400984	0.00162976629766295	0.0007380073800738	0.05128205128205128
mat	13	fusion_2b	cMperMb	1.421251	2.040204	1.6159485	2.375774	1.19794	0.15384615384615385
mat	13	fusion_2b	map	0.0246761623469077	0.0306564085365322	0.02139551807338205	0.0439611589482679	0.020025542078035752	0.46153846153846156
mat	13	fusion_2b	DSB	0.1271296693876308	0.1642987022210708	0.1202942432682948	0.2269276001925234	0.1068867777276386	0.3076923076923077
mat	13	fusion_2b	oNCO	0.0011070110701107	0.0013530135301353	0.0009840098400984	0.00162976629766295	0.0007380073800738	0.3333333333333333
mat	14	fusion_2a	cMperMb	0.927048	1.977152	1.572732	2.3425380000000002	1.19794	0.05128205128205128
mat	14	fusion_2a	map	0.0175474913106595	0.0356839948181968	0.02098438906567625	0.044073062525749704	0.020025542078035752	0.1794871794871795
mat	14	fusion_2a	DSB	0.088730925242638	0.1838191996573231	0.1262661962456644	0.2244807617099126	0.1068867777276386	0.1282051282051282
mat	14	fusion_2a	oNCO	0.0006765067650676	0.0012915129151291	0.00089175891758915	0.00175276752767525	0.0007380073800738	0.1282051282051282
mat	14	fusion_2b	cMperMb	1.484192	1.977152	1.572732	2.3425380000000002	1.19794	0.20512820512820512
mat	14	fusion_2b	map	0.0213948156529705	0.0356839948181968	0.02098438906567625	0.044073062525749704	0.020025542078035752	0.2564102564102564
mat	14	fusion_2b	DSB	0.115263102611882	0.1838191996573231	0.1262661962456644	0.2244807617099126	0.1068867777276386	0.23076923076923078
mat	14	fusion_2b	oNCO	0.0007380073800738	0.0012915129151291	0.00089175891758915	0.00175276752767525	0.0007380073800738	0.1794871794871795
