Mb	side	callable_frac	ends_callable_frac	rep_share	ends_rep_share
0	2a	0.769607	0.7962706923076923	0.5745434723357863	0.6278332083741853
0	2b	0.856573	0.7962706923076923	0.6201698513800424	0.6278332083741853
1	2a	0.891045	0.8893990726817043	0.6731391585760518	0.5826587411927033
1	2b	0.933504	0.8893990726817043	0.5447838023335622	0.5826587411927033
2	2a	0.900438	0.8950485353535353	0.5556251958633657	0.5893087734650971
2	2b	0.93579	0.8950485353535353	0.666606334841629	0.5893087734650971
3	2a	0.71268	0.9171506091370558	0.6408876933422999	0.5890460296042286
3	2b	0.929799	0.9171506091370558	0.6985620450914255	0.5890460296042286
4	2a	0.89417	0.9108790796019901	0.5540811216825238	0.6095522450824756
4	2b	0.948894	0.9108790796019901	0.6367829923786602	0.6095522450824756
5	2a	0.796554	0.9185093467336684	0.6363181590795398	0.6310643177316794
5	2b	0.935455	0.9185093467336684	0.5891348088531188	0.6310643177316794
6	2a	0.921433	0.9234439898989899	0.6325827205882353	0.6254314457864173
6	2b	0.951861	0.9234439898989899	0.6545074349442379	0.6254314457864173
7	2a	0.764939	0.913631838790932	0.5849108367626886	0.6100136559906675
7	2b	0.952561	0.913631838790932	0.5846943537097526	0.6100136559906675
8	2a	0.95458	0.9134384130982368	0.5573227302849569	0.6113507326781797
8	2b	0.920751	0.9134384130982368	0.6770068671560502	0.6113507326781797
9	2a	0.942764	0.8856482512315271	0.5962360992301112	0.6590854598390136
9	2b	0.876995	0.8856482512315271	0.668708020545239	0.6590854598390136
