stratum	reg	n	WS_share	lo	hi	logWS	x_WS_share	x_lo	x_hi	exc	exc_lo	exc_hi	frac_of_end	frac_lo	frac_hi
fixed_shared	fusion_2a	21309	0.5869350978459805	0.5708224656552285	0.6078267628111476	0.31636639404219485	0.03494312513567488	-0.031158817317631815	0.12181984396522938	0.19884558337398586	0.13274364092067917	0.28572230220354033	0.6370627533962584	0.42528492685563735	0.9153989415302174
fixed_shared	fusion_2b	31313	0.584836968671159	0.563607838791122	0.6076344756945911	0.3687616324535697	-0.026099799756294728	-0.11294423549394739	0.06861801215034652	0.13780265848201625	0.050958222744363596	0.2325204703886575	0.4414930397159759	0.163260280358589	0.7449505720637021
fixed_shared	end	1083777	0.579362728679424	0.5745714444525766	0.5841884762537448	0.17193161756521616	0.14822626426809213	0.1285958044931799	0.16805995682969757	0.3121287225064031	0.2924982627314909	0.33196241506800855	1.0	0.9371078072620839	1.0635433112414017
fixed_shared	interior	3335934	0.5612602047882242	0.5593315035676671	0.5632329489796453	0.410180563647207	-0.16390245823831098	-0.17173112062856977	-0.15588724629453815	0.0	-0.007828662390258784	0.008015211943772832	0.0	-0.02508151869970308	0.025679187353891807
fixed_human	fusion_2a	211	0.5924170616113744	0.533341423024212	0.6685714285714286	0.31636639404219485	0.057600047006598654	-0.18280249816017394	0.38536453020914213	0.18742949966713918	-0.052973045499633414	0.5151939828696827	0.597038470199088	-0.1687404923080674	1.6411004027356872
fixed_human	fusion_2b	212	0.5330188679245284	0.4923630536130536	0.5755962847419172	0.3687616324535697	-0.23649366387581883	-0.39931179384988724	-0.0640402728884002	-0.1066642112152783	-0.2694823411893467	0.06578917977214033	-0.3397684868286891	-0.8584098288427768	0.20956504347804075
fixed_human	end	12886	0.5880800869160329	0.5771646325561457	0.6003904433908379	0.17193161756521616	0.18410257856123166	0.13921303227238122	0.23516060307008382	0.31393203122177216	0.2690424849329217	0.3649900557306244	1.0	0.8570087094516999	1.1626403789066784
fixed_human	interior	39924	0.569632301372608	0.5635252640219076	0.5756777295365685	0.410180563647207	-0.12982945266054052	-0.15469889203558207	-0.10512579523205046	0.0	-0.024869439375041547	0.024703657428490067	0.0	-0.07921918409616806	0.0786911018042583
poly	fusion_2a	3995	0.527909887359199	0.5170149697547669	0.5375487806117394	0.31636639404219485	-0.20461067675682315	-0.248280224805901	-0.16588796332884745	0.007779023015485692	-0.03589052503359216	0.046501736443461394	0.030970319267317883	-0.14288953982386615	0.18513553967788998
poly	fusion_2b	5122	0.5236235845372901	0.5044953449380974	0.5442754134348943	0.3687616324535697	-0.2741968868991935	-0.35077976818436135	-0.19119488923092273	-0.06180718712688468	-0.1383900684120525	0.02119481054138611	-0.24607053026117884	-0.5509669522271788	0.08438206802709386
poly	end	242095	0.5524855944980276	0.5466890752369374	0.5577895346544635	0.17193161756521616	0.038787013917390784	0.01537034686134181	0.06026416094117157	0.2511767136896996	0.22776004663365065	0.2726538607134804	1.0	0.9067721417639948	1.0855061231922691
poly	interior	717672	0.5492871395289213	0.5472465951355949	0.5518307711744513	0.410180563647207	-0.21238969977230884	-0.2206286661775463	-0.20211004233510552	0.0	-0.008238966405237469	0.010279657437203327	0.0	-0.032801473847674345	0.04092599702495781
other	fusion_2a	11680	0.561986301369863	0.5405556180780396	0.5824342039037033	0.31636639404219485	-0.06713910453094654	-0.15378675513370102	0.01640770303176231	0.27969185739111824	0.19304420678836373	0.36323866495382706	0.7062534660031937	0.48745838154832405	0.9172185722635188
other	fusion_2b	12716	0.547499213589179	0.5293477457289494	0.5678107361527386	0.3687616324535697	-0.17819010819367873	-0.25123555991671476	-0.09583708331740126	0.16864085372838603	0.09559540200535	0.2509938786046635	0.4258371643935904	0.2413891653121506	0.633787834810802
other	end	542352	0.555056494675045	0.5508583430898024	0.5596183112795707	0.17193161756521616	0.04919096342711779	0.03220773573664859	0.0676815215387066	0.39602192534918257	0.37903869765871334	0.41451248346077135	1.0	0.957115435779232	1.0466907434362003
other	interior	1887620	0.5158321060382917	0.514051708327809	0.5175378979000469	0.410180563647207	-0.34683096192206475	-0.3539589258961513	-0.3400001813556347	0.0	-0.007127963974086549	0.00683078056643005	0.0	-0.017998912478902885	0.017248490876880563
ALL	fusion_2a	37195	0.5727920419411211	0.558518647967797	0.5887497600417534	0.31636639404219485	-0.02311458763894414	-0.08121416811134377	0.0424329581514466	0.2043893424092803	0.14628976193688067	0.26993688819967104	0.6134806656740892	0.43909305385713043	0.8102235660170471
ALL	fusion_2b	49363	0.5686445313291332	0.5505969529423881	0.5891481550806676	0.3687616324535697	-0.09243862228404004	-0.16567871383571306	-0.008316618653320063	0.1350653077641844	0.061825216212511386	0.21918731139490438	0.4054025221663677	0.1855702178518963	0.6578972079307122
ALL	end	1881110	0.5689555634705041	0.5646615749944323	0.573378443178667	0.17193161756521616	0.10565953189184898	0.08817123467787977	0.1237170039857147	0.3331634619400734	0.31567516472610424	0.35122093403393917	1.0	0.9475083578729446	1.0542000373891953
ALL	interior	5981150	0.5455425796042567	0.5438526110165369	0.5472074911338223	0.410180563647207	-0.22750393004822445	-0.234318267876867	-0.22078649022369212	0.0	-0.006814337828642547	0.006717439824532323	0.0	-0.02045343684737029	0.02016259461771531
