set	bin_Mb	n_win	n_ends	median_r	mean_r
all_ends_phys	0-2	309	25	3.157884776708758	3.5396442876859147
all_ends_phys	2-5	718	29	3.2417676081300986	3.5732066086675944
all_ends_phys	5-10	1632	36	2.719551300712505	3.0597064033377728
all_ends_phys	10-15	1710	39	2.0859890021268024	2.4087568623752125
all_ends_phys	15-20	1806	40	1.5931591351582868	1.9169653559858812
all_ends_phys	20-25	1815	42	1.5378761829752348	1.8192026646375317
all_ends_phys	25-30	1732	40	1.2695631165948436	1.6242468992748085
uncapped_phys	0-2	309	25	3.157884776708758	3.5396442876859147
uncapped_phys	2-5	710	27	3.234613329170548	3.552061886999552
uncapped_phys	5-10	1301	27	2.618599183535364	2.889329080424894
uncapped_phys	10-15	1275	27	1.9916955674967025	2.290457475568924
uncapped_phys	15-20	1264	27	1.4555784070990658	1.771459343756763
uncapped_phys	20-25	1210	26	1.360186753780872	1.6763739856671918
uncapped_phys	25-30	1179	26	1.0660806009293362	1.364850400069152
capped_phys	2-5	8	2	5.574254865829566	5.449800656706363
capped_phys	5-10	331	9	3.3529361930376105	3.7293767873548593
capped_phys	10-15	435	12	2.422828858649714	2.755496444393643
capped_phys	15-20	542	13	1.9585544285720675	2.2563004103357076
capped_phys	20-25	605	16	1.8561183611802297	2.104860022578211
capped_phys	25-30	553	14	1.8446312881061915	2.177282111866977
capped_from_boundary	0-2	311	16	2.562258438289188	3.0537184570214593
capped_from_boundary	2-5	416	16	2.62902920577804	3.072035468839727
capped_from_boundary	5-10	621	17	2.28379838043226	2.5917350457106187
capped_from_boundary	10-15	571	14	1.918487931554166	2.1243215853232496
capped_from_boundary	15-20	372	11	1.6986624909167864	1.9756513707076677
capped_from_boundary	20-25	180	7	1.7780257282371486	2.1343535501074653
