cls	dbin	D	inf	nwin	fold_vs_genome
end	-1	0.14960629921259844	127.0	1.0	0.45394772539135514
end	0	0.3420353982300885	124300.0	364.0	1.0378319084628487
end	1	0.3561583537373793	145396.0	390.0	1.080684940468055
end	2	0.35825022074895413	138166.0	389.0	1.0870322552316947
end	3	0.38261776982707213	134160.0	390.0	1.1609702747909831
end	4	0.36371240147981343	124340.0	388.0	1.1036060528023872
end	5	0.36950304637957476	120635.0	387.0	1.1211765033424428
end	6	0.3672640905568844	118732.0	388.0	1.114382879622644
end	7	0.3603525322740814	112784.0	386.0	1.0934112615965228
end	8	0.35073400673400673	111375.0	386.0	1.0642259411018904
end	9	0.3539707515734913	108040.0	382.0	1.0740471382392398
end	10	0.3501091919793528	110814.0	388.0	1.0623300768357538
end	11	0.34905257805903345	110141.0	385.0	1.0591240120626106
end	12	0.3579659007238685	104577.0	378.0	1.086169548050579
end	13	0.34357767879559975	107539.0	390.0	1.0425116228753697
end	14	0.36083364518264777	104217.0	383.0	1.0948710939140762
end	15	0.36699192658419005	103302.0	377.0	1.1135570573344895
end	16	0.3590792002289733	97828.0	372.0	1.0895476128826185
end	17	0.3500741162496196	101867.0	378.0	1.062223647174619
end	18	0.33240784378009547	97606.0	377.0	1.0086191917078864
end	19	0.344243231423687	100612.0	377.0	1.044531097344283
end	20	0.34266868927378163	104156.0	378.0	1.0397534921816376
end	21	0.3337271826092181	99869.0	382.0	1.01262243798597
end	22	0.33649143607223764	94466.0	374.0	1.0210099629668516
end	23	0.3329148933998755	97983.0	372.0	1.0101577233256802
end	24	0.3375941776433807	97555.0	363.0	1.0243559920481773
end	25	0.3570671937622173	91571.0	354.0	1.0834426175457665
end	26	0.3397404602686225	88079.0	341.0	1.0308684191378346
end	27	0.3353428256433112	85262.0	340.0	1.0175247548284496
end	28	0.3111379869018552	87646.0	347.0	0.9440804443416675
end	29	0.3442103768742697	91569.0	350.0	1.0444314073709646
end_acro_p	2	0.29073482428115016	313.0	2.0	0.882171491903126
end_acro_p	4	0.5727513227513228	756.0	6.0	1.7378891232940692
end_acro_p	5	0.44535743631881675	1217.0	4.0	1.3513401258309274
end_acro_p	8	0.948905109489051	274.0	2.0	2.879245849485698
end_acro_p	9	0.44692737430167595	179.0	2.0	1.3561037606516222
end_acro_p	10	0.844106463878327	263.0	1.0	2.561257188249723
end_acro_p	11	0.6996415770609319	1395.0	7.0	2.1229099587892564
end_acro_p	12	0.2885038503850385	3636.0	15.0	0.8754020876007831
end_acro_p	13	0.4224541968470388	4694.0	15.0	1.2818452347934008
end_acro_p	14	0.35495495495495494	4995.0	19.0	1.0770334890058144
end_acro_p	15	0.38389711064129667	5676.0	20.0	1.1648521558058478
end_acro_p	16	0.4938093866973798	6946.0	23.0	1.4983570146978056
end_acro_p	17	0.4052535681749165	6586.0	28.0	1.2296536739961152
end_acro_p	18	0.46616238834795204	12427.0	45.0	1.414468220705337
end_acro_p	19	0.35063003150157507	11428.0	42.0	1.0639104509085777
end_acro_p	20	0.3708161582852432	12130.0	47.0	1.12516085537775
end_acro_p	21	0.3769445552453131	12535.0	47.0	1.1437561409704087
end_acro_p	22	0.3433671154137044	13222.0	43.0	1.0418727141611965
end_acro_p	23	0.3446312839376423	11418.0	39.0	1.0457085581662506
end_acro_p	24	0.3792655465096137	11546.0	40.0	1.1507986833675388
end_acro_p	25	0.34446130500758726	9885.0	37.0	1.0451927941304509
end_acro_p	26	0.30758164292907497	6951.0	25.0	0.9332894932543828
end_acro_p	27	0.35356996025764015	7297.0	30.0	1.0728310242978831
end_acro_p	28	0.41805976043174936	7597.0	28.0	1.2685112747556435
end_acro_p	29	0.3010848565908753	6729.0	30.0	0.9135764103420891
fusion_2a	0	0.28251821019771073	1922.0	8.0	0.8572399663375113
fusion_2a	1	0.33349236641221375	2096.0	9.0	1.011909939387474
fusion_2a	2	0.2899036447423544	2387.0	10.0	0.8796494586530957
fusion_2a	3	0.2610857853294654	2413.0	6.0	0.7922079418187083
fusion_2a	4	0.3415061295971979	2284.0	10.0	1.0362259580898616
fusion_2a	5	0.5185302502375673	3157.0	10.0	1.5733670900277965
fusion_2a	6	0.26006006006006005	3330.0	10.0	0.7890956019281178
fusion_2a	7	0.41098317094774134	2258.0	9.0	1.2470389054991269
fusion_2a	8	0.3752402921953095	2601.0	10.0	1.138584925994238
fusion_2a	9	0.3309621864470236	2671.0	10.0	1.0042326594462285
fusion_2a	10	0.38257713248638836	2755.0	10.0	1.1608469696329353
fusion_2a	11	0.3797047970479705	2710.0	10.0	1.1521314934418034
fusion_2a	12	0.33208828522920203	2945.0	10.0	1.0076495608964104
fusion_2a	13	0.3535242290748899	2724.0	10.0	1.0726922629857045
fusion_2a	14	0.2938038572014772	2437.0	10.0	0.8914838037554089
fusion_2a	15	0.2801875732708089	2559.0	10.0	0.8501681562783859
fusion_2a	16	0.19213973799126638	2748.0	10.0	0.5830061800705337
fusion_2a	17	0.07446520444083402	3693.0	8.0	0.2259484417075417
fusion_2a	18	0.2495	2000.0	7.0	0.7570534000322723
fusion_2a	22	0.30455635491606714	417.0	3.0	0.9241099157941646
fusion_2a	23	0.21951219512195122	369.0	3.0	0.6660619385395621
fusion_2a	25	0.25664095972579265	2334.0	9.0	0.7787210867653578
fusion_2a	26	0.8032786885245902	122.0	1.0	2.437374197679381
fusion_2a	27	0.3863361547762999	1654.0	9.0	1.172252903923014
fusion_2a	28	0.3879310344827586	2436.0	10.0	1.1770922189707778
fusion_2a	29	0.40391861341371516	2654.0	10.0	1.2256030445738437
fusion_2b	0	0.4935800604229607	2648.0	9.0	1.4976611740734942
fusion_2b	1	0.46539304729094894	3193.0	10.0	1.4121338228576872
fusion_2b	2	0.4574468085106383	3102.0	10.0	1.388022692252066
fusion_2b	3	0.4369472649852604	3053.0	10.0	1.3258212929534814
fusion_2b	4	0.4013230429988975	2721.0	10.0	1.2177273515575677
fusion_2b	5	0.4632065410593672	2813.0	10.0	1.4054993459967224
fusion_2b	6	0.41503523884103366	2554.0	10.0	1.2593340228369168
fusion_2b	7	0.3753804531619885	2957.0	10.0	1.139010213915585
fusion_2b	8	0.37758675581025153	3141.0	10.0	1.1457047586906062
fusion_2b	9	0.4212707182320442	2896.0	10.0	1.2782542267399055
fusion_2b	10	0.32458606685410807	3201.0	10.0	0.9848857134869937
fusion_2b	11	0.3330128205128205	3120.0	10.0	1.0104548618179061
fusion_2b	12	0.3448160535117057	2990.0	10.0	1.0462692011893655
fusion_2b	13	0.36012418075198344	2899.0	10.0	1.0927183786457941
fusion_2b	14	0.34210526315789475	2812.0	10.0	1.0380438983672122
fusion_2b	15	0.3355145746579417	3362.0	10.0	1.0180458898003062
fusion_2b	16	0.258296681327469	2501.0	9.0	0.7837450132906323
fusion_2b	17	0.28588304784406376	1693.0	8.0	0.8674498331941372
fusion_2b	18	0.14064914992272023	1294.0	3.0	0.42676920705669
fusion_2b	19	0.2308630680085392	3279.0	10.0	0.7005036896903659
fusion_2b	20	0.257985257985258	3256.0	10.0	0.7828000669977655
fusion_2b	21	0.19074138531152104	2873.0	10.0	0.5787631834747604
fusion_2b	22	0.17273638489809556	2993.0	10.0	0.5241309318492444
fusion_2b	23	0.36860739575137685	2542.0	10.0	1.1184588466157162
fusion_2b	24	0.319649262654444	2509.0	10.0	0.9699060565545317
fusion_2b	25	0.31572948328267475	2632.0	10.0	0.9580123399181618
fusion_2b	26	0.3893210749646393	2828.0	10.0	1.1813099940128229
fusion_2b	27	0.4084914763589579	3109.0	10.0	1.2394784010491047
fusion_2b	28	0.31645114942528735	2784.0	10.0	0.9602020786233845
fusion_2b	29	0.3064516129032258	2480.0	10.0	0.9298606633016467
