end_id	D	inf
chr10p	0.30469112865768694	2153.0
chr10q	0.5852941176470589	1020.0
chr11p	0.4455587392550143	698.0
chr11q	0.43435114503816796	1310.0
chr12p	0.3368355995055624	1618.0
chr12q	0.3543307086614173	1270.0
chr13q	0.2820816085156712	1691.0
chr14q	0.6206896551724138	1827.0
chr15q	0.18479604449938195	1618.0
chr16p	0.2926944971537002	2108.0
chr16q	0.26628242074927955	1735.0
chr17p	0.4289230769230769	1625.0
chr17q	0.33955555555555555	1125.0
chr18p	0.42147117296222664	503.0
chr18q	0.25267094017094016	1872.0
chr19p	0.34925160370634356	1403.0
chr19q	0.2676056338028169	1278.0
chr1p	0.3524305555555556	576.0
chr1q	0.39520333680917624	959.0
chr20p	0.4632086851628468	829.0
chr20q	0.22276879831342233	1423.0
chr21q	0.2222898903775883	1642.0
chr22q	0.2526421741318571	1987.0
chr2p	0.2772940388479571	1493.0
chr2q	0.35764499121265375	1138.0
chr3p	0.4268969771745836	1621.0
chr3q	0.315203955500618	809.0
chr4p	0.15742924528301888	1696.0
chr4q	0.6366782006920415	578.0
chr5p	0.5495626822157434	2058.0
chr5q	0.39760239760239763	1001.0
chr6p	0.32489451476793246	1659.0
chr6q	0.29393939393939394	990.0
chr7p	0.3983322642719692	1559.0
chr7q	0.4034843205574913	1435.0
chr8p	0.239142091152815	1865.0
chr8q	0.4	1130.0
chr9p	0.3219298245614035	1140.0
chr9q	0.29045092838196285	754.0
