	T_e
chr1p	-0.27161917774434263
chr1q	1.4612165989014536
chr10p	4.034846245881118
chr10q	0.9237389743548969
chr11p	-1.6975189383642664
chr11q	1.7002715612026948
chr12p	0.02628169314922446
chr12q	0.011555338344423571
chr13q	-0.28087730098843666
chr14q	0.13259307791821162
chr15q	0.3756266636854968
chr16p	-1.9980686729753674
chr16q	-3.5023968515069557
chr17p	-0.8119862561624331
chr17q	-1.7211605667697745
chr18p	-0.5995239749843617
chr18q	2.369029212474074
chr19p	-2.063301454825893
chr19q	1.1610210866291542
chr2p	3.448241238306355
chr2q	0.12378736482236086
chr20p	-1.198983066718688
chr20q	-0.5732884897646153
chr21q	-1.076447223665137
chr22q	-0.49043923087267105
chr3p	0.7842303071164587
chr3q	0.08248053806648348
chr4p	0.38766906790193634
chr4q	2.6298228994929227
chr5p	1.595589671214729
chr5q	-0.7955841859124875
chr6p	0.5187980985276979
chr6q	0.8186476694787661
chr7p	-0.7786834290088889
chr7q	1.1807718278269255
chr8p	0.9048966694996214
chr8q	-0.14417123264977683
chr9p	-2.586992443283505
chr9q	-1.8719722552798976
