bias	T_true	n_reps	end_excess	T_hat	T_lo	T_hi	covered	bias_gen
0.25	0	40	0.2470718662090998	62.77294893927588	-724.2322739116357	687.8746109233421	True	62.77294893927588
0.25	1000	40	0.23948923351407791	746.179020271434	94.2403183183333	1351.7828630294157	True	-253.82097972856604
0.25	2000	40	0.2417496816701023	1898.2916001589988	1364.9935723467013	2403.5151215953615	True	-101.70839984100121
0.25	3000	40	0.21182236279458372	3571.7730675135385	2836.1096412290262	4432.95507055446	True	571.7730675135385
0.25	4000	40	0.27301455174871575	3826.5287926295905	3291.037726370262	4438.65728407972	True	-173.4712073704095
0.5	0	40	0.4581063029391097	-350.1223914612064	-833.5386730114049	61.32807515408346	True	-350.1223914612064
0.5	1000	40	0.45404417660522145	1108.6171969702852	742.0320399458105	1458.8091435993479	True	108.61719697028525
0.5	2000	40	0.503444285082386	2154.072081859561	1902.8228751810957	2463.148020690826	True	154.07208185956097
0.5	3000	40	0.5186005646891556	2967.770908469415	2626.3549039990503	3287.2943551667477	True	-32.22909153058481
0.5	4000	40	0.4972826101494026	4002.9596653993763	3668.84994264191	4384.014261039107	True	2.959665399376263
1.0	0	40	0.9512769634238148	-42.490039971621485	-331.55932265251454	217.23910597269094	True	-42.490039971621485
1.0	1000	40	0.9822915857901513	1043.069185070768	780.8294347791746	1268.3117847786912	True	43.06918507076807
1.0	2000	40	0.9052868741173006	1904.7941974763928	1634.1511080917287	2143.655435624253	True	-95.20580252360719
1.0	3000	40	0.9617985114642628	3057.041917420998	2881.6628120241	3240.4040343252523	True	57.041917420997834
1.0	4000	40	1.0436158914787796	3815.9881046762	3645.8626348772937	4032.2076923257578	True	-184.01189532380022
