RES	7	0.25	0	0	425	306	28731	21269
RES	7	0.25	0	1	506	343	28575	21425
RES	7	0.25	0	2	267	200	28644	21356
RES	16	0.25	0	0	350	232	28775	21225
RES	16	0.25	0	1	389	302	28914	21086
RES	16	0.25	0	2	412	356	28815	21185
RES	17	0.25	0	0	402	263	28728	21272
RES	17	0.25	0	1	415	287	28645	21355
RES	17	0.25	0	2	626	529	29020	20980
RES	31	0.25	0	0	391	267	28791	21209
RES	31	0.25	0	1	414	312	28755	21245
RES	31	0.25	0	2	290	228	28865	21135
RES	29	0.25	0	0	392	251	28742	21258
RES	29	0.25	0	1	426	304	28766	21234
RES	29	0.25	0	2	462	485	28776	21224
RES	12	0.25	0	0	438	334	28595	21405
RES	12	0.25	0	1	353	249	28576	21424
RES	12	0.25	0	2	424	347	28914	21086
RES	1	0.25	0	0	457	311	28650	21350
RES	1	0.25	0	1	402	292	28778	21222
RES	1	0.25	0	2	436	412	29078	20922
RES	9	0.25	0	0	355	221	28592	21408
RES	9	0.25	0	1	386	279	28662	21338
RES	9	0.25	0	2	219	154	28870	21130
RES	27	0.25	0	0	387	224	28576	21424
RES	27	0.25	0	1	358	263	28874	21126
RES	27	0.25	0	2	214	169	28776	21224
RES	33	0.25	0	0	344	238	28896	21104
RES	33	0.25	0	1	347	250	28746	21254
RES	33	0.25	0	2	244	229	28914	21086
RES	6	0.25	0	0	470	319	28698	21302
RES	6	0.25	0	1	449	275	28730	21270
RES	6	0.25	0	2	300	222	28707	21293
RES	6	0.25	1000	0	433	313	28601	21399
RES	6	0.25	1000	1	446	334	28749	21251
RES	6	0.25	1000	2	446	391	28869	21131
RES	32	0.25	0	0	448	371	28791	21209
RES	32	0.25	0	1	418	246	28681	21319
RES	32	0.25	0	2	536	543	28872	21128
RES	28	0.25	0	0	415	265	28655	21345
RES	28	0.25	0	1	411	261	28673	21327
RES	28	0.25	0	2	430	394	28785	21215
RES	34	0.25	0	0	361	221	28765	21235
RES	34	0.25	0	1	487	317	28703	21297
RES	34	0.25	0	2	510	430	28781	21219
RES	35	0.25	0	0	413	285	28643	21357
RES	35	0.25	0	1	455	289	28774	21226
RES	35	0.25	0	2	281	232	28786	21214
RES	18	0.25	0	0	345	258	28669	21331
RES	18	0.25	0	1	359	212	28777	21223
RES	18	0.25	0	2	188	135	28845	21155
RES	26	0.25	0	0	398	251	28815	21185
RES	26	0.25	0	1	423	304	28592	21408
RES	26	0.25	0	2	442	388	28908	21092
RES	25	0.25	0	0	451	300	28615	21385
RES	25	0.25	0	1	454	313	28780	21220
RES	25	0.25	0	2	221	176	28829	21171
RES	22	0.25	0	0	370	211	28799	21201
RES	22	0.25	0	1	321	200	28700	21300
RES	22	0.25	0	2	292	246	28572	21428
RES	11	0.25	0	0	445	323	28696	21304
RES	11	0.25	0	1	533	354	28793	21207
RES	11	0.25	0	2	478	436	28860	21140
RES	19	0.25	0	0	432	316	28647	21353
RES	19	0.25	0	1	348	240	28941	21059
RES	19	0.25	0	2	206	199	29015	20985
RES	21	0.25	0	0	435	249	28660	21340
RES	21	0.25	0	1	412	277	28673	21327
RES	21	0.25	0	2	228	162	28724	21276
RES	20	0.25	0	0	428	280	28846	21154
RES	20	0.25	0	1	361	292	28995	21005
RES	20	0.25	0	2	544	522	28893	21107
RES	2	0.25	0	0	497	340	28683	21317
RES	2	0.25	0	1	325	185	28930	21070
RES	2	0.25	0	2	306	266	28811	21189
RES	1	0.25	1000	0	365	255	28878	21122
RES	1	0.25	1000	1	353	240	28978	21022
RES	1	0.25	1000	2	513	420	28901	21099
RES	14	0.25	0	0	418	269	28832	21168
RES	14	0.25	0	1	449	323	28805	21195
RES	14	0.25	0	2	254	195	28923	21077
RES	38	0.25	0	0	446	328	28905	21095
RES	38	0.25	0	1	352	263	28723	21277
RES	38	0.25	0	2	301	227	28916	21084
RES	37	0.25	0	0	400	307	28561	21439
RES	37	0.25	0	1	341	209	28770	21230
RES	37	0.25	0	2	216	174	28851	21149
RES	7	0.25	1000	0	349	201	28634	21366
RES	7	0.25	1000	1	395	294	28916	21084
RES	7	0.25	1000	2	433	383	28652	21348
RES	24	0.25	0	0	384	236	28770	21230
RES	24	0.25	0	1	469	325	28554	21446
RES	24	0.25	0	2	309	254	28852	21148
RES	40	0.25	0	0	399	283	28733	21267
RES	40	0.25	0	1	375	302	28775	21225
RES	40	0.25	0	2	232	193	28771	21229
RES	4	0.25	1000	0	426	247	28731	21269
RES	4	0.25	1000	1	454	314	28573	21427
RES	4	0.25	1000	2	381	310	28972	21028
RES	10	0.25	0	0	458	327	28751	21249
RES	10	0.25	0	1	381	255	28708	21292
RES	10	0.25	0	2	496	467	28815	21185
RES	5	0.25	1000	0	445	256	28955	21045
RES	5	0.25	1000	1	410	247	28799	21201
RES	5	0.25	1000	2	327	280	28910	21090
RES	8	0.25	1000	0	476	304	28460	21540
RES	8	0.25	1000	1	403	337	28627	21373
RES	8	0.25	1000	2	402	336	29004	20996
RES	39	0.25	0	0	404	318	28560	21440
RES	39	0.25	0	1	452	289	28869	21131
RES	39	0.25	0	2	753	713	28759	21241
RES	13	0.25	0	0	381	245	28672	21328
RES	13	0.25	0	1	322	188	28769	21231
RES	13	0.25	0	2	589	497	28922	21078
RES	36	0.25	0	0	357	225	28944	21056
RES	36	0.25	0	1	282	192	28712	21288
RES	36	0.25	0	2	237	177	28986	21014
RES	30	0.25	0	0	397	252	28787	21213
RES	30	0.25	0	1	354	243	28731	21269
RES	30	0.25	0	2	217	149	28916	21084
RES	8	0.25	0	0	384	289	28608	21392
RES	8	0.25	0	1	450	265	28655	21345
RES	8	0.25	0	2	372	296	28803	21197
RES	15	0.25	0	0	377	285	28707	21293
RES	15	0.25	0	1	411	304	28540	21460
RES	15	0.25	0	2	226	191	28772	21228
RES	2	0.25	1000	0	425	302	28699	21301
RES	2	0.25	1000	1	401	287	28943	21057
RES	2	0.25	1000	2	688	638	29018	20982
RES	5	0.25	0	0	316	235	28648	21352
RES	5	0.25	0	1	393	288	28619	21381
RES	5	0.25	0	2	278	242	28954	21046
RES	4	0.25	0	0	386	244	28601	21399
RES	4	0.25	0	1	396	294	28775	21225
RES	4	0.25	0	2	508	474	28651	21349
RES	3	0.25	0	0	422	297	28676	21324
RES	3	0.25	0	1	319	235	28705	21295
RES	3	0.25	0	2	182	156	28998	21002
RES	3	0.25	1000	0	441	293	28661	21339
RES	3	0.25	1000	1	448	295	28756	21244
RES	3	0.25	1000	2	258	208	28975	21025
RES	23	0.25	0	0	417	296	28715	21285
RES	23	0.25	0	1	408	272	28846	21154
RES	23	0.25	0	2	583	524	28889	21111
RES	12	0.25	1000	0	394	247	28833	21167
RES	12	0.25	1000	1	435	277	28675	21325
RES	12	0.25	1000	2	185	146	28857	21143
RES	11	0.25	1000	0	362	250	28821	21179
RES	11	0.25	1000	1	333	276	28693	21307
RES	11	0.25	1000	2	180	149	28861	21139
RES	20	0.25	1000	0	395	293	28850	21150
RES	20	0.25	1000	1	390	288	28625	21375
RES	20	0.25	1000	2	227	180	28844	21156
RES	9	0.25	1000	0	415	215	28945	21055
RES	9	0.25	1000	1	421	284	28837	21163
RES	9	0.25	1000	2	278	235	28740	21260
RES	17	0.25	1000	0	400	261	28651	21349
RES	17	0.25	1000	1	418	281	28984	21016
RES	17	0.25	1000	2	405	356	28839	21161
RES	10	0.25	1000	0	381	275	28779	21221
RES	10	0.25	1000	1	353	219	28810	21190
RES	10	0.25	1000	2	191	140	28831	21169
RES	16	0.25	1000	0	370	254	28763	21237
RES	16	0.25	1000	1	318	229	28655	21345
RES	16	0.25	1000	2	185	157	28904	21096
RES	21	0.25	1000	0	430	309	28468	21532
RES	21	0.25	1000	1	339	233	28714	21286
RES	21	0.25	1000	2	269	219	29018	20982
RES	19	0.25	1000	0	348	230	28843	21157
RES	19	0.25	1000	1	372	255	28622	21378
RES	19	0.25	1000	2	645	529	28734	21266
RES	22	0.25	1000	0	397	272	28634	21366
RES	22	0.25	1000	1	422	327	28634	21366
RES	22	0.25	1000	2	231	152	28973	21027
RES	24	0.25	1000	0	434	288	28608	21392
RES	24	0.25	1000	1	363	241	28607	21393
RES	24	0.25	1000	2	262	210	28861	21139
RES	27	0.25	1000	0	373	251	28861	21139
RES	27	0.25	1000	1	420	277	28681	21319
RES	27	0.25	1000	2	688	588	28902	21098
RES	28	0.25	1000	0	360	239	28609	21391
RES	28	0.25	1000	1	359	268	28698	21302
RES	28	0.25	1000	2	266	226	28974	21026
RES	15	0.25	1000	0	340	242	28765	21235
RES	15	0.25	1000	1	344	288	28599	21401
RES	15	0.25	1000	2	327	245	28838	21162
RES	30	0.25	1000	0	397	306	28979	21021
RES	30	0.25	1000	1	417	276	28692	21308
RES	30	0.25	1000	2	210	161	29001	20999
RES	31	0.25	1000	0	402	301	28636	21364
RES	31	0.25	1000	1	384	268	28525	21475
RES	31	0.25	1000	2	298	253	28733	21267
RES	14	0.25	1000	0	416	274	28785	21215
RES	14	0.25	1000	1	373	258	28872	21128
RES	14	0.25	1000	2	409	311	28839	21161
RES	13	0.25	1000	0	383	235	28598	21402
RES	13	0.25	1000	1	415	253	28718	21282
RES	13	0.25	1000	2	286	243	28732	21268
RES	34	0.25	1000	0	370	238	28752	21248
RES	34	0.25	1000	1	352	243	28779	21221
RES	34	0.25	1000	2	229	175	28953	21047
RES	23	0.25	1000	0	384	246	28713	21287
RES	23	0.25	1000	1	320	242	28815	21185
RES	23	0.25	1000	2	215	202	28666	21334
RES	29	0.25	1000	0	465	313	28766	21234
RES	29	0.25	1000	1	513	354	28533	21467
RES	29	0.25	1000	2	516	486	28815	21185
RES	26	0.25	1000	0	430	263	28785	21215
RES	26	0.25	1000	1	377	206	28756	21244
RES	26	0.25	1000	2	504	454	28884	21116
RES	25	0.25	1000	0	426	317	28619	21381
RES	25	0.25	1000	1	489	368	28626	21374
RES	25	0.25	1000	2	459	407	28953	21047
RES	18	0.25	1000	0	313	205	28741	21259
RES	18	0.25	1000	1	415	300	28626	21374
RES	18	0.25	1000	2	409	377	28829	21171
RES	37	0.25	1000	0	350	250	28572	21428
RES	37	0.25	1000	1	395	254	28561	21439
RES	37	0.25	1000	2	266	199	28927	21073
RES	35	0.25	1000	0	438	254	28704	21296
RES	35	0.25	1000	1	385	287	28729	21271
RES	35	0.25	1000	2	522	437	28780	21220
RES	5	0.25	2000	0	469	324	28554	21446
RES	5	0.25	2000	1	385	295	28692	21308
RES	5	0.25	2000	2	222	216	28936	21064
RES	4	0.25	2000	0	399	263	28795	21205
RES	4	0.25	2000	1	425	356	28709	21291
RES	4	0.25	2000	2	397	369	28672	21328
RES	2	0.25	2000	0	348	232	28589	21411
RES	2	0.25	2000	1	371	319	28718	21282
RES	2	0.25	2000	2	228	179	28898	21102
RES	7	0.25	2000	0	339	235	28682	21318
RES	7	0.25	2000	1	396	293	28623	21377
RES	7	0.25	2000	2	438	408	28668	21332
RES	14	0.25	2000	0	418	296	28747	21253
RES	14	0.25	2000	1	303	243	28726	21274
RES	14	0.25	2000	2	218	152	29024	20976
RES	40	0.25	1000	0	415	266	28790	21210
RES	40	0.25	1000	1	421	307	28609	21391
RES	40	0.25	1000	2	236	181	28997	21003
RES	9	0.25	2000	0	446	320	28676	21324
RES	9	0.25	2000	1	415	323	28684	21316
RES	9	0.25	2000	2	327	224	28941	21059
RES	32	0.25	1000	0	366	246	28878	21122
RES	32	0.25	1000	1	411	337	28708	21292
RES	32	0.25	1000	2	290	225	28868	21132
RES	38	0.25	1000	0	467	337	28663	21337
RES	38	0.25	1000	1	334	220	28997	21003
RES	38	0.25	1000	2	388	320	28886	21114
RES	33	0.25	1000	0	340	206	28848	21152
RES	33	0.25	1000	1	311	193	28669	21331
RES	33	0.25	1000	2	255	173	28518	21482
RES	16	0.25	2000	0	445	328	28764	21236
RES	16	0.25	2000	1	405	312	28795	21205
RES	16	0.25	2000	2	662	600	28850	21150
RES	1	0.25	2000	0	357	255	28706	21294
RES	1	0.25	2000	1	382	297	28904	21096
RES	1	0.25	2000	2	389	324	28668	21332
RES	3	0.25	2000	0	331	208	28672	21328
RES	3	0.25	2000	1	404	319	28794	21206
RES	3	0.25	2000	2	196	190	28690	21310
RES	12	0.25	2000	0	383	284	28707	21293
RES	12	0.25	2000	1	385	289	28751	21249
RES	12	0.25	2000	2	278	231	28870	21130
RES	36	0.25	1000	0	457	345	28864	21136
RES	36	0.25	1000	1	348	185	28714	21286
RES	36	0.25	1000	2	215	214	29079	20921
RES	6	0.25	2000	0	442	321	28646	21354
RES	6	0.25	2000	1	326	239	28717	21283
RES	6	0.25	2000	2	390	319	29045	20955
RES	8	0.25	2000	0	348	211	28659	21341
RES	8	0.25	2000	1	421	302	28572	21428
RES	8	0.25	2000	2	226	192	28961	21039
RES	13	0.25	2000	0	404	307	28785	21215
RES	13	0.25	2000	1	410	310	28637	21363
RES	13	0.25	2000	2	681	625	28757	21243
RES	15	0.25	2000	0	431	309	28589	21411
RES	15	0.25	2000	1	386	271	28697	21303
RES	15	0.25	2000	2	771	644	28890	21110
RES	39	0.25	1000	0	420	268	28958	21042
RES	39	0.25	1000	1	360	267	28686	21314
RES	39	0.25	1000	2	255	211	28869	21131
RES	10	0.25	2000	0	370	247	28583	21417
RES	10	0.25	2000	1	421	334	28681	21319
RES	10	0.25	2000	2	502	461	28897	21103
RES	11	0.25	2000	0	434	280	28485	21515
RES	11	0.25	2000	1	431	358	28778	21222
RES	11	0.25	2000	2	287	237	28829	21171
RES	19	0.25	2000	0	354	271	28675	21325
RES	19	0.25	2000	1	354	263	28723	21277
RES	19	0.25	2000	2	319	268	28678	21322
RES	21	0.25	2000	0	328	249	28587	21413
RES	21	0.25	2000	1	308	253	28611	21389
RES	21	0.25	2000	2	282	242	29026	20974
RES	22	0.25	2000	0	427	282	28553	21447
RES	22	0.25	2000	1	328	276	28557	21443
RES	22	0.25	2000	2	180	141	28798	21202
RES	17	0.25	2000	0	414	265	28685	21315
RES	17	0.25	2000	1	416	294	28670	21330
RES	17	0.25	2000	2	593	502	28815	21185
RES	26	0.25	2000	0	459	282	28551	21449
RES	26	0.25	2000	1	425	339	28913	21087
RES	26	0.25	2000	2	789	685	28953	21047
RES	28	0.25	2000	0	438	306	28741	21259
RES	28	0.25	2000	1	321	261	28749	21251
RES	28	0.25	2000	2	300	222	28810	21190
RES	20	0.25	2000	0	391	279	28777	21223
RES	20	0.25	2000	1	365	277	28669	21331
RES	20	0.25	2000	2	394	366	28917	21083
RES	18	0.25	2000	0	395	267	28625	21375
RES	18	0.25	2000	1	386	315	28898	21102
RES	18	0.25	2000	2	285	250	28810	21190
RES	23	0.25	2000	0	405	292	28684	21316
RES	23	0.25	2000	1	305	226	28677	21323
RES	23	0.25	2000	2	228	127	28940	21060
RES	24	0.25	2000	0	409	275	28732	21268
RES	24	0.25	2000	1	376	261	28632	21368
RES	24	0.25	2000	2	253	227	28809	21191
RES	27	0.25	2000	0	456	299	28709	21291
RES	27	0.25	2000	1	428	280	28733	21267
RES	27	0.25	2000	2	208	175	28783	21217
RES	30	0.25	2000	0	413	251	28866	21134
RES	30	0.25	2000	1	384	308	28660	21340
RES	30	0.25	2000	2	378	327	28904	21096
RES	31	0.25	2000	0	382	262	28610	21390
RES	31	0.25	2000	1	305	209	28814	21186
RES	31	0.25	2000	2	277	217	28884	21116
RES	25	0.25	2000	0	404	292	28658	21342
RES	25	0.25	2000	1	308	215	28585	21415
RES	25	0.25	2000	2	363	342	29010	20990
RES	37	0.25	2000	0	391	248	28715	21285
RES	37	0.25	2000	1	362	267	28578	21422
RES	37	0.25	2000	2	289	210	28689	21311
RES	32	0.25	2000	0	425	309	28714	21286
RES	32	0.25	2000	1	365	248	28706	21294
RES	32	0.25	2000	2	593	565	28833	21167
RES	38	0.25	2000	0	391	283	28511	21489
RES	38	0.25	2000	1	389	313	28548	21452
RES	38	0.25	2000	2	366	305	29006	20994
RES	4	0.25	3000	0	347	230	28761	21239
RES	4	0.25	3000	1	440	327	28755	21245
RES	4	0.25	3000	2	422	365	29037	20963
RES	34	0.25	2000	0	436	297	28587	21413
RES	34	0.25	2000	1	383	330	28641	21359
RES	34	0.25	2000	2	281	219	28748	21252
RES	40	0.25	2000	0	363	255	28760	21240
RES	40	0.25	2000	1	392	255	28577	21423
RES	40	0.25	2000	2	512	495	28704	21296
RES	6	0.25	3000	0	383	306	28778	21222
RES	6	0.25	3000	1	353	261	28729	21271
RES	6	0.25	3000	2	311	290	28754	21246
RES	7	0.25	3000	0	331	264	28698	21302
RES	7	0.25	3000	1	396	283	28836	21164
RES	7	0.25	3000	2	253	200	28822	21178
RES	29	0.25	2000	0	393	241	28663	21337
RES	29	0.25	2000	1	463	361	28693	21307
RES	29	0.25	2000	2	235	192	28848	21152
RES	2	0.25	3000	0	391	251	28512	21488
RES	2	0.25	3000	1	385	296	28683	21317
RES	2	0.25	3000	2	637	516	28917	21083
RES	9	0.25	3000	0	404	249	28505	21495
RES	9	0.25	3000	1	362	308	28608	21392
RES	9	0.25	3000	2	214	162	28708	21292
RES	36	0.25	2000	0	444	322	28786	21214
RES	36	0.25	2000	1	359	283	28885	21115
RES	36	0.25	2000	2	403	354	28849	21151
RES	1	0.25	3000	0	457	246	28685	21315
RES	1	0.25	3000	1	363	302	28635	21365
RES	1	0.25	3000	2	365	298	28906	21094
RES	33	0.25	2000	0	404	254	28651	21349
RES	33	0.25	2000	1	345	257	28628	21372
RES	33	0.25	2000	2	188	155	29037	20963
RES	35	0.25	2000	0	370	213	28690	21310
RES	35	0.25	2000	1	432	336	28738	21262
RES	35	0.25	2000	2	235	174	28589	21411
RES	10	0.25	3000	0	427	289	28383	21617
RES	10	0.25	3000	1	395	307	28709	21291
RES	10	0.25	3000	2	336	255	28817	21183
RES	14	0.25	3000	0	399	250	28945	21055
RES	14	0.25	3000	1	365	313	28709	21291
RES	14	0.25	3000	2	225	167	28813	21187
RES	39	0.25	2000	0	385	236	28783	21217
RES	39	0.25	2000	1	388	282	28953	21047
RES	39	0.25	2000	2	551	472	29151	20849
RES	15	0.25	3000	0	506	363	28734	21266
RES	15	0.25	3000	1	357	314	28525	21475
RES	15	0.25	3000	2	538	415	29116	20884
RES	3	0.25	3000	0	455	284	28771	21229
RES	3	0.25	3000	1	383	327	28692	21308
RES	3	0.25	3000	2	228	180	28991	21009
RES	5	0.25	3000	0	395	250	28643	21357
RES	5	0.25	3000	1	408	338	28667	21333
RES	5	0.25	3000	2	355	279	28914	21086
RES	13	0.25	3000	0	345	265	28698	21302
RES	13	0.25	3000	1	389	307	28886	21114
RES	13	0.25	3000	2	260	157	28904	21096
RES	17	0.25	3000	0	364	230	28593	21407
RES	17	0.25	3000	1	362	243	28629	21371
RES	17	0.25	3000	2	446	378	28735	21265
RES	8	0.25	3000	0	378	288	28517	21483
RES	8	0.25	3000	1	366	297	28756	21244
RES	8	0.25	3000	2	354	309	28795	21205
RES	24	0.25	3000	0	367	267	28664	21336
RES	24	0.25	3000	1	340	237	28857	21143
RES	24	0.25	3000	2	255	240	28825	21175
RES	11	0.25	3000	0	535	387	28750	21250
RES	11	0.25	3000	1	399	342	28598	21402
RES	11	0.25	3000	2	251	134	28977	21023
RES	23	0.25	3000	0	403	264	28508	21492
RES	23	0.25	3000	1	438	342	28556	21444
RES	23	0.25	3000	2	565	536	28870	21130
RES	12	0.25	3000	0	507	354	28733	21267
RES	12	0.25	3000	1	349	295	28659	21341
RES	12	0.25	3000	2	208	194	28780	21220
RES	26	0.25	3000	0	407	226	28775	21225
RES	26	0.25	3000	1	368	292	28751	21249
RES	26	0.25	3000	2	380	345	28712	21288
RES	31	0.25	3000	0	387	257	28623	21377
RES	31	0.25	3000	1	343	301	28802	21198
RES	31	0.25	3000	2	445	380	29026	20974
RES	28	0.25	3000	0	409	268	28825	21175
RES	28	0.25	3000	1	344	294	28668	21332
RES	28	0.25	3000	2	553	465	28872	21128
RES	21	0.25	3000	0	324	253	28681	21319
RES	21	0.25	3000	1	333	260	28675	21325
RES	21	0.25	3000	2	324	253	29009	20991
RES	20	0.25	3000	0	406	298	28713	21287
RES	20	0.25	3000	1	328	255	28835	21165
RES	20	0.25	3000	2	365	343	28811	21189
RES	16	0.25	3000	0	387	240	28718	21282
RES	16	0.25	3000	1	366	315	28831	21169
RES	16	0.25	3000	2	336	266	28796	21204
RES	19	0.25	3000	0	329	247	28756	21244
RES	19	0.25	3000	1	318	268	28683	21317
RES	19	0.25	3000	2	460	371	28921	21079
RES	18	0.25	3000	0	396	277	28895	21105
RES	18	0.25	3000	1	422	388	28828	21172
RES	18	0.25	3000	2	449	380	29062	20938
RES	29	0.25	3000	0	356	214	28625	21375
RES	29	0.25	3000	1	379	268	28742	21258
RES	29	0.25	3000	2	363	303	28997	21003
RES	22	0.25	3000	0	416	265	28575	21425
RES	22	0.25	3000	1	328	244	28874	21126
RES	22	0.25	3000	2	300	216	28796	21204
RES	36	0.25	3000	0	366	214	28998	21002
RES	36	0.25	3000	1	309	233	28841	21159
RES	36	0.25	3000	2	178	144	28935	21065
RES	32	0.25	3000	0	370	269	28711	21289
RES	32	0.25	3000	1	285	235	28459	21541
RES	32	0.25	3000	2	223	157	29016	20984
RES	35	0.25	3000	0	412	280	28856	21144
RES	35	0.25	3000	1	366	259	28760	21240
RES	35	0.25	3000	2	409	378	28793	21207
RES	33	0.25	3000	0	395	252	28652	21348
RES	33	0.25	3000	1	367	288	28703	21297
RES	33	0.25	3000	2	290	251	28700	21300
RES	40	0.25	3000	0	399	284	28531	21469
RES	40	0.25	3000	1	383	292	28619	21381
RES	40	0.25	3000	2	237	194	28868	21132
RES	37	0.25	3000	0	360	270	28673	21327
RES	37	0.25	3000	1	333	307	28861	21139
RES	37	0.25	3000	2	239	199	28906	21094
RES	4	0.25	4000	0	430	263	28538	21462
RES	4	0.25	4000	1	430	364	28585	21415
RES	4	0.25	4000	2	313	273	28854	21146
RES	38	0.25	3000	0	334	192	28667	21333
RES	38	0.25	3000	1	316	313	28668	21332
RES	38	0.25	3000	2	292	239	28857	21143
RES	27	0.25	3000	0	416	270	28885	21115
RES	27	0.25	3000	1	308	295	28531	21469
RES	27	0.25	3000	2	198	156	28924	21076
RES	6	0.25	4000	0	444	303	28633	21367
RES	6	0.25	4000	1	350	293	28826	21174
RES	6	0.25	4000	2	260	198	28892	21108
RES	25	0.25	3000	0	427	290	28606	21394
RES	25	0.25	3000	1	416	401	28584	21416
RES	25	0.25	3000	2	546	436	29074	20926
RES	34	0.25	3000	0	391	291	28847	21153
RES	34	0.25	3000	1	411	311	28943	21057
RES	34	0.25	3000	2	261	164	28831	21169
RES	5	0.25	4000	0	421	283	28745	21255
RES	5	0.25	4000	1	352	277	28763	21237
RES	5	0.25	4000	2	472	393	29114	20886
RES	39	0.25	3000	0	372	263	28720	21280
RES	39	0.25	3000	1	344	312	28330	21670
RES	39	0.25	3000	2	455	363	28905	21095
RES	30	0.25	3000	0	407	264	28629	21371
RES	30	0.25	3000	1	396	357	28683	21317
RES	30	0.25	3000	2	749	666	28867	21133
RES	9	0.25	4000	0	390	323	28900	21100
RES	9	0.25	4000	1	320	259	28700	21300
RES	9	0.25	4000	2	179	157	28851	21149
RES	7	0.25	4000	0	399	258	28455	21545
RES	7	0.25	4000	1	449	364	28656	21344
RES	7	0.25	4000	2	225	232	28766	21234
RES	1	0.25	4000	0	411	263	28717	21283
RES	1	0.25	4000	1	269	189	28750	21250
RES	1	0.25	4000	2	185	151	29036	20964
RES	2	0.25	4000	0	450	301	28874	21126
RES	2	0.25	4000	1	463	418	28743	21257
RES	2	0.25	4000	2	488	456	28959	21041
RES	14	0.25	4000	0	467	311	28633	21367
RES	14	0.25	4000	1	286	254	28753	21247
RES	14	0.25	4000	2	164	143	28845	21155
RES	10	0.25	4000	0	413	284	28691	21309
RES	10	0.25	4000	1	308	277	28777	21223
RES	10	0.25	4000	2	268	221	28742	21258
RES	12	0.25	4000	0	376	247	28701	21299
RES	12	0.25	4000	1	343	287	28738	21262
RES	12	0.25	4000	2	212	157	29068	20932
RES	3	0.25	4000	0	365	205	28582	21418
RES	3	0.25	4000	1	359	317	28648	21352
RES	3	0.25	4000	2	349	289	28945	21055
RES	11	0.25	4000	0	437	281	28747	21253
RES	11	0.25	4000	1	420	432	28847	21153
RES	11	0.25	4000	2	445	443	28893	21107
RES	13	0.25	4000	0	372	230	28671	21329
RES	13	0.25	4000	1	388	339	28604	21396
RES	13	0.25	4000	2	356	255	28930	21070
RES	8	0.25	4000	0	351	241	28578	21422
RES	8	0.25	4000	1	419	364	28768	21232
RES	8	0.25	4000	2	875	817	28880	21120
RES	15	0.25	4000	0	419	278	29007	20993
RES	15	0.25	4000	1	311	303	28760	21240
RES	15	0.25	4000	2	327	268	28913	21087
RES	17	0.25	4000	0	368	233	28864	21136
RES	17	0.25	4000	1	332	310	28684	21316
RES	17	0.25	4000	2	503	452	28795	21205
RES	27	0.25	4000	0	411	290	28885	21115
RES	27	0.25	4000	1	364	277	28889	21111
RES	27	0.25	4000	2	305	271	28850	21150
RES	21	0.25	4000	0	405	309	28686	21314
RES	21	0.25	4000	1	409	335	28696	21304
RES	21	0.25	4000	2	576	560	28924	21076
RES	16	0.25	4000	0	382	210	28749	21251
RES	16	0.25	4000	1	444	384	28614	21386
RES	16	0.25	4000	2	476	425	29004	20996
RES	20	0.25	4000	0	411	272	28858	21142
RES	20	0.25	4000	1	367	318	28782	21218
RES	20	0.25	4000	2	379	315	28869	21131
RES	25	0.25	4000	0	415	243	28648	21352
RES	25	0.25	4000	1	391	286	28781	21219
RES	25	0.25	4000	2	336	300	28948	21052
RES	18	0.25	4000	0	379	278	28845	21155
RES	18	0.25	4000	1	390	358	28867	21133
RES	18	0.25	4000	2	328	253	28548	21452
RES	23	0.25	4000	0	379	230	28838	21162
RES	23	0.25	4000	1	282	227	28622	21378
RES	23	0.25	4000	2	231	173	28655	21345
RES	29	0.25	4000	0	356	237	28837	21163
RES	29	0.25	4000	1	375	291	28580	21420
RES	29	0.25	4000	2	262	120	28968	21032
RES	22	0.25	4000	0	485	287	28588	21412
RES	22	0.25	4000	1	393	357	28796	21204
RES	22	0.25	4000	2	234	160	28749	21251
RES	24	0.25	4000	0	434	335	28566	21434
RES	24	0.25	4000	1	404	300	28719	21281
RES	24	0.25	4000	2	361	327	28618	21382
RES	35	0.25	4000	0	379	220	28857	21143
RES	35	0.25	4000	1	259	209	28569	21431
RES	35	0.25	4000	2	370	276	28861	21139
RES	26	0.25	4000	0	463	288	28524	21476
RES	26	0.25	4000	1	333	328	28813	21187
RES	26	0.25	4000	2	355	325	28677	21323
RES	37	0.25	4000	0	350	207	28770	21230
RES	37	0.25	4000	1	225	183	28601	21399
RES	37	0.25	4000	2	314	268	28816	21184
RES	19	0.25	4000	0	433	302	28788	21212
RES	19	0.25	4000	1	279	241	28683	21317
RES	19	0.25	4000	2	257	194	29055	20945
RES	39	0.25	4000	0	421	236	28548	21452
RES	39	0.25	4000	1	397	333	28879	21121
RES	39	0.25	4000	2	248	189	28840	21160
RES	28	0.25	4000	0	444	324	28825	21175
RES	28	0.25	4000	1	302	261	28773	21227
RES	28	0.25	4000	2	346	291	28904	21096
RES	30	0.25	4000	0	319	185	28870	21130
RES	30	0.25	4000	1	262	188	28546	21454
RES	30	0.25	4000	2	209	155	28967	21033
RES	31	0.25	4000	0	463	320	28767	21233
RES	31	0.25	4000	1	422	419	28918	21082
RES	31	0.25	4000	2	345	282	28992	21008
RES	3	0.5	0	0	468	221	28542	21458
RES	3	0.5	0	1	460	233	28481	21519
RES	3	0.5	0	2	407	357	28930	21070
RES	36	0.25	4000	0	374	242	28955	21045
RES	36	0.25	4000	1	355	303	28841	21159
RES	36	0.25	4000	2	517	447	28988	21012
RES	38	0.25	4000	0	320	230	28718	21282
RES	38	0.25	4000	1	374	354	28730	21270
RES	38	0.25	4000	2	414	360	28898	21102
RES	12	0.5	0	0	471	269	28372	21628
RES	12	0.5	0	1	413	174	28635	21365
RES	12	0.5	0	2	252	193	28871	21129
RES	32	0.25	4000	0	466	272	28669	21331
RES	32	0.25	4000	1	272	223	28882	21118
RES	32	0.25	4000	2	407	356	28836	21164
RES	6	0.5	0	0	329	155	28729	21271
RES	6	0.5	0	1	407	164	28590	21410
RES	6	0.5	0	2	390	333	28666	21334
RES	7	0.5	0	0	485	306	28764	21236
RES	7	0.5	0	1	409	182	28643	21357
RES	7	0.5	0	2	173	154	28823	21177
RES	33	0.25	4000	0	363	265	28670	21330
RES	33	0.25	4000	1	393	299	28843	21157
RES	33	0.25	4000	2	257	214	29117	20883
RES	13	0.5	0	0	482	225	28632	21368
RES	13	0.5	0	1	488	254	28638	21362
RES	13	0.5	0	2	483	410	28861	21139
RES	11	0.5	0	0	539	284	28647	21353
RES	11	0.5	0	1	413	200	28573	21427
RES	11	0.5	0	2	205	158	28706	21294
RES	34	0.25	4000	0	365	229	28622	21378
RES	34	0.25	4000	1	350	269	28734	21266
RES	34	0.25	4000	2	301	236	28765	21235
RES	2	0.5	0	0	411	197	28478	21522
RES	2	0.5	0	1	455	261	28589	21411
RES	2	0.5	0	2	192	140	28760	21240
RES	1	0.5	0	0	443	203	28587	21413
RES	1	0.5	0	1	432	185	28529	21471
RES	1	0.5	0	2	232	173	28720	21280
RES	9	0.5	0	0	501	306	28552	21448
RES	9	0.5	0	1	542	297	28514	21486
RES	9	0.5	0	2	369	307	28884	21116
RES	40	0.25	4000	0	327	194	28675	21325
RES	40	0.25	4000	1	368	277	28658	21342
RES	40	0.25	4000	2	418	378	28726	21274
RES	8	0.5	0	0	426	238	28501	21499
RES	8	0.5	0	1	520	274	28677	21323
RES	8	0.5	0	2	295	245	28861	21139
RES	18	0.5	0	0	418	208	28426	21574
RES	18	0.5	0	1	452	203	28615	21385
RES	18	0.5	0	2	202	137	28587	21413
RES	20	0.5	0	0	360	164	28719	21281
RES	20	0.5	0	1	434	237	28599	21401
RES	20	0.5	0	2	201	145	28844	21156
RES	5	0.5	0	0	420	243	28671	21329
RES	5	0.5	0	1	400	279	28526	21474
RES	5	0.5	0	2	271	222	28783	21217
RES	16	0.5	0	0	443	219	28727	21273
RES	16	0.5	0	1	477	240	28751	21249
RES	16	0.5	0	2	508	425	28812	21188
RES	19	0.5	0	0	436	218	28585	21415
RES	19	0.5	0	1	464	190	28555	21445
RES	19	0.5	0	2	326	290	28779	21221
RES	14	0.5	0	0	472	304	28449	21551
RES	14	0.5	0	1	502	243	28693	21307
RES	14	0.5	0	2	365	283	28892	21108
RES	4	0.5	0	0	533	319	28651	21349
RES	4	0.5	0	1	572	312	28351	21649
RES	4	0.5	0	2	640	577	29078	20922
RES	10	0.5	0	0	547	293	28407	21593
RES	10	0.5	0	1	475	232	28353	21647
RES	10	0.5	0	2	831	852	28740	21260
RES	15	0.5	0	0	497	259	28725	21275
RES	15	0.5	0	1	498	268	28676	21324
RES	15	0.5	0	2	224	175	28953	21047
RES	26	0.5	0	0	419	251	28453	21547
RES	26	0.5	0	1	436	261	28325	21675
RES	26	0.5	0	2	346	253	28901	21099
RES	17	0.5	0	0	437	252	28659	21341
RES	17	0.5	0	1	448	244	28525	21475
RES	17	0.5	0	2	244	170	28875	21125
RES	25	0.5	0	0	448	252	28430	21570
RES	25	0.5	0	1	467	171	28475	21525
RES	25	0.5	0	2	326	266	29007	20993
RES	31	0.5	0	0	463	253	28321	21679
RES	31	0.5	0	1	467	302	28359	21641
RES	31	0.5	0	2	286	207	28947	21053
RES	21	0.5	0	0	544	302	28491	21509
RES	21	0.5	0	1	554	322	28617	21383
RES	21	0.5	0	2	861	790	28940	21060
RES	23	0.5	0	0	448	211	28374	21626
RES	23	0.5	0	1	413	229	28528	21472
RES	23	0.5	0	2	190	148	28769	21231
RES	30	0.5	0	0	408	188	28482	21518
RES	30	0.5	0	1	457	199	28514	21486
RES	30	0.5	0	2	362	300	28980	21020
RES	22	0.5	0	0	387	199	28482	21518
RES	22	0.5	0	1	488	257	28747	21253
RES	22	0.5	0	2	255	146	28883	21117
RES	28	0.5	0	0	417	206	28638	21362
RES	28	0.5	0	1	428	230	28604	21396
RES	28	0.5	0	2	214	171	28820	21180
RES	35	0.5	0	0	515	256	28452	21548
RES	35	0.5	0	1	427	266	28399	21601
RES	35	0.5	0	2	254	173	28956	21044
RES	29	0.5	0	0	481	265	28552	21448
RES	29	0.5	0	1	539	256	28554	21446
RES	29	0.5	0	2	367	306	28778	21222
RES	37	0.5	0	0	490	273	28579	21421
RES	37	0.5	0	1	378	201	28815	21185
RES	37	0.5	0	2	419	399	28856	21144
RES	32	0.5	0	0	473	229	28554	21446
RES	32	0.5	0	1	472	233	28633	21367
RES	32	0.5	0	2	396	331	28762	21238
RES	24	0.5	0	0	481	350	28352	21648
RES	24	0.5	0	1	475	291	28642	21358
RES	24	0.5	0	2	600	481	29038	20962
RES	34	0.5	0	0	488	244	28367	21633
RES	34	0.5	0	1	513	294	28521	21479
RES	34	0.5	0	2	340	273	29015	20985
RES	38	0.5	0	0	519	303	28711	21289
RES	38	0.5	0	1	419	229	28602	21398
RES	38	0.5	0	2	379	358	28943	21057
RES	2	0.5	1000	0	404	221	28558	21442
RES	2	0.5	1000	1	400	257	28520	21480
RES	2	0.5	1000	2	512	451	28875	21125
RES	6	0.5	1000	0	425	237	28790	21210
RES	6	0.5	1000	1	456	293	28519	21481
RES	6	0.5	1000	2	322	285	28891	21109
RES	27	0.5	0	0	484	262	28514	21486
RES	27	0.5	0	1	508	271	28553	21447
RES	27	0.5	0	2	200	145	28813	21187
RES	8	0.5	1000	0	512	296	28567	21433
RES	8	0.5	1000	1	416	193	28548	21452
RES	8	0.5	1000	2	238	206	28629	21371
RES	33	0.5	0	0	496	281	28547	21453
RES	33	0.5	0	1	397	221	28522	21478
RES	33	0.5	0	2	285	211	28939	21061
RES	40	0.5	0	0	454	262	28663	21337
RES	40	0.5	0	1	492	234	28515	21485
RES	40	0.5	0	2	376	321	28899	21101
RES	14	0.5	1000	0	420	216	28586	21414
RES	14	0.5	1000	1	376	193	28730	21270
RES	14	0.5	1000	2	187	133	28965	21035
RES	10	0.5	1000	0	390	227	28581	21419
RES	10	0.5	1000	1	509	298	28585	21415
RES	10	0.5	1000	2	317	226	28953	21047
RES	1	0.5	1000	0	557	322	28403	21597
RES	1	0.5	1000	1	470	239	28470	21530
RES	1	0.5	1000	2	307	275	29089	20911
RES	13	0.5	1000	0	504	253	28690	21310
RES	13	0.5	1000	1	438	260	28642	21358
RES	13	0.5	1000	2	222	155	28621	21379
RES	15	0.5	1000	0	420	203	28512	21488
RES	15	0.5	1000	1	335	238	28584	21416
RES	15	0.5	1000	2	240	206	28676	21324
RES	39	0.5	0	0	420	248	28511	21489
RES	39	0.5	0	1	388	188	28614	21386
RES	39	0.5	0	2	269	235	28917	21083
RES	12	0.5	1000	0	473	292	28386	21614
RES	12	0.5	1000	1	401	238	28475	21525
RES	12	0.5	1000	2	194	157	28845	21155
RES	36	0.5	0	0	462	234	28423	21577
RES	36	0.5	0	1	358	178	28457	21543
RES	36	0.5	0	2	200	177	28752	21248
RES	7	0.5	1000	0	567	283	28577	21423
RES	7	0.5	1000	1	399	184	28637	21363
RES	7	0.5	1000	2	307	220	28844	21156
RES	19	0.5	1000	0	448	270	28645	21355
RES	19	0.5	1000	1	469	305	28618	21382
RES	19	0.5	1000	2	278	169	28897	21103
RES	9	0.5	1000	0	418	189	28711	21289
RES	9	0.5	1000	1	332	189	28622	21378
RES	9	0.5	1000	2	368	317	28841	21159
RES	5	0.5	1000	0	439	231	28690	21310
RES	5	0.5	1000	1	330	201	28679	21321
RES	5	0.5	1000	2	215	174	28790	21210
RES	3	0.5	1000	0	504	277	28591	21409
RES	3	0.5	1000	1	418	230	28539	21461
RES	3	0.5	1000	2	193	135	28837	21163
RES	4	0.5	1000	0	486	240	28428	21572
RES	4	0.5	1000	1	449	284	28456	21544
RES	4	0.5	1000	2	200	145	28795	21205
RES	16	0.5	1000	0	424	226	28609	21391
RES	16	0.5	1000	1	402	265	28587	21413
RES	16	0.5	1000	2	255	229	28846	21154
RES	20	0.5	1000	0	494	254	28496	21504
RES	20	0.5	1000	1	383	223	28443	21557
RES	20	0.5	1000	2	217	163	28900	21100
RES	23	0.5	1000	0	443	253	28441	21559
RES	23	0.5	1000	1	438	211	28646	21354
RES	23	0.5	1000	2	294	230	28857	21143
RES	11	0.5	1000	0	439	226	28437	21563
RES	11	0.5	1000	1	403	243	28594	21406
RES	11	0.5	1000	2	405	330	28842	21158
RES	24	0.5	1000	0	330	147	28541	21459
RES	24	0.5	1000	1	403	280	28497	21503
RES	24	0.5	1000	2	694	555	29074	20926
RES	21	0.5	1000	0	521	262	28620	21380
RES	21	0.5	1000	1	402	257	28580	21420
RES	21	0.5	1000	2	247	204	28841	21159
RES	22	0.5	1000	0	525	291	28635	21365
RES	22	0.5	1000	1	455	275	28626	21374
RES	22	0.5	1000	2	298	247	29070	20930
RES	28	0.5	1000	0	442	279	28642	21358
RES	28	0.5	1000	1	415	286	28568	21432
RES	28	0.5	1000	2	391	326	28776	21224
RES	18	0.5	1000	0	498	304	28305	21695
RES	18	0.5	1000	1	334	228	28424	21576
RES	18	0.5	1000	2	706	635	28754	21246
RES	17	0.5	1000	0	519	345	28458	21542
RES	17	0.5	1000	1	367	214	28459	21541
RES	17	0.5	1000	2	198	150	29015	20985
RES	32	0.5	1000	0	436	211	28394	21606
RES	32	0.5	1000	1	411	255	28477	21523
RES	32	0.5	1000	2	194	171	28733	21267
RES	25	0.5	1000	0	483	253	28484	21516
RES	25	0.5	1000	1	416	277	28656	21344
RES	25	0.5	1000	2	212	172	28753	21247
RES	26	0.5	1000	0	345	175	28519	21481
RES	26	0.5	1000	1	512	306	28649	21351
RES	26	0.5	1000	2	372	343	28657	21343
RES	38	0.5	1000	0	467	230	28460	21540
RES	38	0.5	1000	1	392	260	28501	21499
RES	38	0.5	1000	2	547	484	28625	21375
RES	39	0.5	1000	0	394	186	28519	21481
RES	39	0.5	1000	1	421	233	28480	21520
RES	39	0.5	1000	2	293	280	28833	21167
RES	37	0.5	1000	0	392	267	28549	21451
RES	37	0.5	1000	1	406	209	28404	21596
RES	37	0.5	1000	2	249	152	28928	21072
RES	31	0.5	1000	0	453	178	28641	21359
RES	31	0.5	1000	1	439	264	28527	21473
RES	31	0.5	1000	2	871	784	28811	21189
RES	27	0.5	1000	0	423	252	28816	21184
RES	27	0.5	1000	1	409	256	28620	21380
RES	27	0.5	1000	2	243	194	28584	21416
RES	30	0.5	1000	0	454	249	28216	21784
RES	30	0.5	1000	1	421	304	28416	21584
RES	30	0.5	1000	2	341	278	28864	21136
RES	33	0.5	1000	0	487	262	28714	21286
RES	33	0.5	1000	1	479	292	28438	21562
RES	33	0.5	1000	2	514	441	28706	21294
RES	40	0.5	1000	0	414	215	28428	21572
RES	40	0.5	1000	1	394	255	28460	21540
RES	40	0.5	1000	2	557	455	28909	21091
RES	2	0.5	2000	0	425	258	28564	21436
RES	2	0.5	2000	1	334	253	28515	21485
RES	2	0.5	2000	2	415	359	28799	21201
RES	1	0.5	2000	0	447	236	28778	21222
RES	1	0.5	2000	1	364	273	28358	21642
RES	1	0.5	2000	2	612	523	28771	21229
RES	29	0.5	1000	0	483	247	28589	21411
RES	29	0.5	1000	1	477	329	28556	21444
RES	29	0.5	1000	2	336	257	28908	21092
RES	34	0.5	1000	0	430	229	28555	21445
RES	34	0.5	1000	1	442	331	28448	21552
RES	34	0.5	1000	2	285	235	28739	21261
RES	4	0.5	2000	0	407	180	28447	21553
RES	4	0.5	2000	1	300	228	28672	21328
RES	4	0.5	2000	2	740	621	28851	21149
RES	36	0.5	1000	0	441	225	28374	21626
RES	36	0.5	1000	1	385	257	28417	21583
RES	36	0.5	1000	2	459	424	28840	21160
RES	35	0.5	1000	0	386	207	28607	21393
RES	35	0.5	1000	1	456	253	28547	21453
RES	35	0.5	1000	2	335	264	29057	20943
RES	7	0.5	2000	0	433	254	28345	21655
RES	7	0.5	2000	1	471	332	28479	21521
RES	7	0.5	2000	2	266	217	28951	21049
RES	6	0.5	2000	0	440	233	28748	21252
RES	6	0.5	2000	1	425	324	28571	21429
RES	6	0.5	2000	2	292	250	28939	21061
RES	3	0.5	2000	0	408	219	28493	21507
RES	3	0.5	2000	1	422	285	28568	21432
RES	3	0.5	2000	2	286	194	28899	21101
RES	8	0.5	2000	0	382	174	28471	21529
RES	8	0.5	2000	1	391	315	28467	21533
RES	8	0.5	2000	2	577	519	28891	21109
RES	9	0.5	2000	0	442	240	28407	21593
RES	9	0.5	2000	1	329	216	28573	21427
RES	9	0.5	2000	2	203	135	28756	21244
RES	14	0.5	2000	0	366	193	28699	21301
RES	14	0.5	2000	1	354	234	28594	21406
RES	14	0.5	2000	2	302	235	29108	20892
RES	13	0.5	2000	0	456	224	28581	21419
RES	13	0.5	2000	1	393	266	28539	21461
RES	13	0.5	2000	2	775	678	29002	20998
RES	23	0.5	2000	0	453	243	28803	21197
RES	23	0.5	2000	1	434	314	28448	21552
RES	23	0.5	2000	2	291	234	28901	21099
RES	24	0.5	2000	0	418	245	28443	21557
RES	24	0.5	2000	1	332	232	28522	21478
RES	24	0.5	2000	2	302	212	28755	21245
RES	11	0.5	2000	0	505	209	28489	21511
RES	11	0.5	2000	1	501	330	28581	21419
RES	11	0.5	2000	2	257	202	28930	21070
RES	21	0.5	2000	0	432	251	28603	21397
RES	21	0.5	2000	1	421	235	28631	21369
RES	21	0.5	2000	2	666	574	28992	21008
RES	10	0.5	2000	0	454	239	28508	21492
RES	10	0.5	2000	1	446	324	28661	21339
RES	10	0.5	2000	2	754	705	28799	21201
RES	5	0.5	2000	0	489	249	28662	21338
RES	5	0.5	2000	1	457	343	28411	21589
RES	5	0.5	2000	2	226	194	28740	21260
RES	29	0.5	2000	0	500	263	28520	21480
RES	29	0.5	2000	1	395	276	28531	21469
RES	29	0.5	2000	2	375	311	28659	21341
RES	26	0.5	2000	0	491	235	28604	21396
RES	26	0.5	2000	1	454	294	28598	21402
RES	26	0.5	2000	2	230	187	28950	21050
RES	31	0.5	2000	0	530	295	28479	21521
RES	31	0.5	2000	1	366	199	28626	21374
RES	31	0.5	2000	2	220	157	28926	21074
RES	15	0.5	2000	0	448	249	28474	21526
RES	15	0.5	2000	1	356	222	28396	21604
RES	15	0.5	2000	2	410	342	28952	21048
RES	16	0.5	2000	0	435	272	28412	21588
RES	16	0.5	2000	1	431	300	28723	21277
RES	16	0.5	2000	2	414	370	28784	21216
RES	27	0.5	2000	0	428	209	28511	21489
RES	27	0.5	2000	1	365	263	28383	21617
RES	27	0.5	2000	2	850	811	28913	21087
RES	30	0.5	2000	0	428	238	28615	21385
RES	30	0.5	2000	1	427	305	28505	21495
RES	30	0.5	2000	2	465	404	28841	21159
RES	17	0.5	2000	0	493	251	28547	21453
RES	17	0.5	2000	1	420	330	28573	21427
RES	17	0.5	2000	2	328	253	28864	21136
RES	34	0.5	2000	0	422	194	28559	21441
RES	34	0.5	2000	1	387	274	28439	21561
RES	34	0.5	2000	2	203	193	28763	21237
RES	12	0.5	2000	0	425	214	28593	21407
RES	12	0.5	2000	1	462	351	28637	21363
RES	12	0.5	2000	2	213	167	28648	21352
RES	22	0.5	2000	0	438	253	28502	21498
RES	22	0.5	2000	1	430	306	28369	21631
RES	22	0.5	2000	2	237	177	28692	21308
RES	19	0.5	2000	0	452	241	28693	21307
RES	19	0.5	2000	1	404	299	28661	21339
RES	19	0.5	2000	2	261	220	28746	21254
RES	32	0.5	2000	0	509	277	28686	21314
RES	32	0.5	2000	1	465	280	28420	21580
RES	32	0.5	2000	2	360	318	28861	21139
RES	18	0.5	2000	0	410	211	28609	21391
RES	18	0.5	2000	1	472	316	28392	21608
RES	18	0.5	2000	2	406	359	28812	21188
RES	33	0.5	2000	0	543	276	28466	21534
RES	33	0.5	2000	1	429	304	28481	21519
RES	33	0.5	2000	2	486	497	28968	21032
RES	37	0.5	2000	0	401	245	28382	21618
RES	37	0.5	2000	1	435	326	28478	21522
RES	37	0.5	2000	2	255	168	29009	20991
RES	20	0.5	2000	0	443	226	28459	21541
RES	20	0.5	2000	1	426	272	28427	21573
RES	20	0.5	2000	2	310	220	29090	20910
RES	28	0.5	2000	0	438	275	28453	21547
RES	28	0.5	2000	1	457	300	28381	21619
RES	28	0.5	2000	2	611	540	28961	21039
RES	1	0.5	3000	0	502	284	28571	21429
RES	1	0.5	3000	1	399	275	28432	21568
RES	1	0.5	3000	2	456	356	28860	21140
RES	25	0.5	2000	0	549	283	28523	21477
RES	25	0.5	2000	1	382	258	28585	21415
RES	25	0.5	2000	2	266	215	28680	21320
RES	2	0.5	3000	0	445	254	28514	21486
RES	2	0.5	3000	1	403	297	28603	21397
RES	2	0.5	3000	2	247	223	28524	21476
RES	38	0.5	2000	0	437	208	28476	21524
RES	38	0.5	2000	1	414	368	28360	21640
RES	38	0.5	2000	2	328	281	28869	21131
RES	36	0.5	2000	0	505	261	28497	21503
RES	36	0.5	2000	1	450	281	28620	21380
RES	36	0.5	2000	2	542	455	28913	21087
RES	3	0.5	3000	0	390	197	28489	21511
RES	3	0.5	3000	1	363	248	28495	21505
RES	3	0.5	3000	2	239	191	28894	21106
RES	35	0.5	2000	0	450	230	28442	21558
RES	35	0.5	2000	1	437	282	28507	21493
RES	35	0.5	2000	2	358	317	28837	21163
RES	39	0.5	2000	0	442	278	28500	21500
RES	39	0.5	2000	1	415	250	28580	21420
RES	39	0.5	2000	2	251	207	29034	20966
RES	40	0.5	2000	0	456	221	28404	21596
RES	40	0.5	2000	1	393	281	28551	21449
RES	40	0.5	2000	2	454	459	28683	21317
RES	6	0.5	3000	0	561	331	28433	21567
RES	6	0.5	3000	1	356	291	28389	21611
RES	6	0.5	3000	2	363	310	28854	21146
RES	4	0.5	3000	0	478	218	28392	21608
RES	4	0.5	3000	1	365	285	28636	21364
RES	4	0.5	3000	2	232	215	28914	21086
RES	5	0.5	3000	0	473	250	28529	21471
RES	5	0.5	3000	1	300	288	28420	21580
RES	5	0.5	3000	2	198	176	28959	21041
RES	7	0.5	3000	0	403	292	28554	21446
RES	7	0.5	3000	1	435	297	28603	21397
RES	7	0.5	3000	2	302	221	28784	21216
RES	12	0.5	3000	0	543	294	28523	21477
RES	12	0.5	3000	1	401	362	28340	21660
RES	12	0.5	3000	2	750	671	28980	21020
RES	11	0.5	3000	0	371	152	28691	21309
RES	11	0.5	3000	1	406	374	28482	21518
RES	11	0.5	3000	2	319	263	28898	21102
RES	10	0.5	3000	0	471	257	28530	21470
RES	10	0.5	3000	1	403	327	28360	21640
RES	10	0.5	3000	2	406	334	28931	21069
RES	8	0.5	3000	0	487	248	28697	21303
RES	8	0.5	3000	1	495	310	28608	21392
RES	8	0.5	3000	2	759	654	29022	20978
RES	13	0.5	3000	0	475	258	28661	21339
RES	13	0.5	3000	1	385	378	28588	21412
RES	13	0.5	3000	2	701	674	28945	21055
RES	9	0.5	3000	0	420	208	28664	21336
RES	9	0.5	3000	1	365	292	28684	21316
RES	9	0.5	3000	2	420	326	28739	21261
RES	16	0.5	3000	0	488	245	28546	21454
RES	16	0.5	3000	1	373	287	28525	21475
RES	16	0.5	3000	2	758	677	28829	21171
RES	19	0.5	3000	0	459	235	28574	21426
RES	19	0.5	3000	1	391	315	28524	21476
RES	19	0.5	3000	2	306	272	28952	21048
RES	15	0.5	3000	0	491	226	28581	21419
RES	15	0.5	3000	1	330	235	28685	21315
RES	15	0.5	3000	2	215	177	28783	21217
RES	24	0.5	3000	0	419	199	28529	21471
RES	24	0.5	3000	1	317	298	28600	21400
RES	24	0.5	3000	2	242	167	28865	21135
RES	22	0.5	3000	0	570	255	28424	21576
RES	22	0.5	3000	1	334	255	28571	21429
RES	22	0.5	3000	2	195	165	29011	20989
RES	33	0.5	3000	0	471	241	28566	21434
RES	33	0.5	3000	1	361	264	28531	21469
RES	33	0.5	3000	2	189	144	28741	21259
RES	14	0.5	3000	0	459	222	28608	21392
RES	14	0.5	3000	1	321	280	28447	21553
RES	14	0.5	3000	2	329	284	28675	21325
RES	27	0.5	3000	0	502	254	28672	21328
RES	27	0.5	3000	1	368	277	28625	21375
RES	27	0.5	3000	2	213	175	28932	21068
RES	26	0.5	3000	0	383	214	28568	21432
RES	26	0.5	3000	1	411	291	28662	21338
RES	26	0.5	3000	2	227	185	28760	21240
RES	31	0.5	3000	0	427	205	28455	21545
RES	31	0.5	3000	1	403	226	28554	21446
RES	31	0.5	3000	2	248	176	28940	21060
RES	17	0.5	3000	0	487	260	28533	21467
RES	17	0.5	3000	1	358	277	28632	21368
RES	17	0.5	3000	2	455	379	28930	21070
RES	20	0.5	3000	0	429	212	28533	21467
RES	20	0.5	3000	1	342	280	28577	21423
RES	20	0.5	3000	2	230	189	28905	21095
RES	25	0.5	3000	0	461	203	28542	21458
RES	25	0.5	3000	1	415	319	28611	21389
RES	25	0.5	3000	2	216	208	28862	21138
RES	34	0.5	3000	0	448	231	28648	21352
RES	34	0.5	3000	1	436	288	28576	21424
RES	34	0.5	3000	2	252	202	28977	21023
RES	37	0.5	3000	0	421	242	28432	21568
RES	37	0.5	3000	1	402	280	28586	21414
RES	37	0.5	3000	2	269	188	28949	21051
RES	30	0.5	3000	0	380	216	28589	21411
RES	30	0.5	3000	1	397	287	28590	21410
RES	30	0.5	3000	2	220	148	28780	21220
RES	1	0.5	4000	0	460	239	28430	21570
RES	1	0.5	4000	1	402	376	28439	21561
RES	1	0.5	4000	2	517	442	28792	21208
RES	18	0.5	3000	0	414	209	28541	21459
RES	18	0.5	3000	1	380	276	28649	21351
RES	18	0.5	3000	2	276	280	28761	21239
RES	39	0.5	3000	0	416	256	28608	21392
RES	39	0.5	3000	1	356	244	28429	21571
RES	39	0.5	3000	2	382	342	28880	21120
RES	5	0.5	4000	0	444	247	28720	21280
RES	5	0.5	4000	1	251	237	28260	21740
RES	5	0.5	4000	2	305	236	28709	21291
RES	29	0.5	3000	0	480	209	28628	21372
RES	29	0.5	3000	1	376	243	28442	21558
RES	29	0.5	3000	2	313	258	28668	21332
RES	35	0.5	3000	0	359	172	28481	21519
RES	35	0.5	3000	1	338	237	28466	21534
RES	35	0.5	3000	2	215	163	28840	21160
RES	23	0.5	3000	0	476	228	28472	21528
RES	23	0.5	3000	1	333	277	28518	21482
RES	23	0.5	3000	2	263	203	28708	21292
RES	7	0.5	4000	0	419	208	28522	21478
RES	7	0.5	4000	1	322	318	28594	21406
RES	7	0.5	4000	2	270	212	29066	20934
RES	36	0.5	3000	0	418	210	28554	21446
RES	36	0.5	3000	1	382	309	28661	21339
RES	36	0.5	3000	2	324	319	28654	21346
RES	28	0.5	3000	0	437	252	28644	21356
RES	28	0.5	3000	1	438	302	28608	21392
RES	28	0.5	3000	2	461	513	28870	21130
RES	6	0.5	4000	0	506	275	28446	21554
RES	6	0.5	4000	1	382	331	28377	21623
RES	6	0.5	4000	2	408	381	28829	21171
RES	21	0.5	3000	0	445	214	28466	21534
RES	21	0.5	3000	1	480	308	28736	21264
RES	21	0.5	3000	2	413	316	28762	21238
RES	40	0.5	3000	0	440	232	28517	21483
RES	40	0.5	3000	1	370	297	28327	21673
RES	40	0.5	3000	2	328	244	28762	21238
RES	13	0.5	4000	0	470	296	28328	21672
RES	13	0.5	4000	1	355	293	28601	21399
RES	13	0.5	4000	2	421	384	28763	21237
RES	8	0.5	4000	0	486	245	28636	21364
RES	8	0.5	4000	1	324	279	28523	21477
RES	8	0.5	4000	2	254	185	28734	21266
RES	38	0.5	3000	0	463	214	28562	21438
RES	38	0.5	3000	1	358	277	28543	21457
RES	38	0.5	3000	2	264	192	29119	20881
RES	32	0.5	3000	0	434	223	28474	21526
RES	32	0.5	3000	1	388	280	28570	21430
RES	32	0.5	3000	2	225	151	28753	21247
RES	12	0.5	4000	0	451	281	28554	21446
RES	12	0.5	4000	1	416	355	28520	21480
RES	12	0.5	4000	2	268	195	28749	21251
RES	2	0.5	4000	0	424	223	28703	21297
RES	2	0.5	4000	1	336	292	28610	21390
RES	2	0.5	4000	2	252	159	28784	21216
RES	16	0.5	4000	0	434	201	28479	21521
RES	16	0.5	4000	1	434	342	28519	21481
RES	16	0.5	4000	2	224	155	28973	21027
RES	9	0.5	4000	0	481	272	28595	21405
RES	9	0.5	4000	1	341	310	28487	21513
RES	9	0.5	4000	2	386	372	28903	21097
RES	10	0.5	4000	0	455	238	28511	21489
RES	10	0.5	4000	1	287	253	28545	21455
RES	10	0.5	4000	2	307	269	28894	21106
RES	3	0.5	4000	0	483	253	28749	21251
RES	3	0.5	4000	1	354	322	28601	21399
RES	3	0.5	4000	2	219	173	28832	21168
RES	4	0.5	4000	0	438	218	28486	21514
RES	4	0.5	4000	1	423	403	28336	21664
RES	4	0.5	4000	2	270	230	28938	21062
RES	17	0.5	4000	0	524	215	28587	21413
RES	17	0.5	4000	1	331	303	28449	21551
RES	17	0.5	4000	2	239	174	28828	21172
RES	15	0.5	4000	0	425	191	28517	21483
RES	15	0.5	4000	1	408	389	28590	21410
RES	15	0.5	4000	2	492	368	28881	21119
RES	11	0.5	4000	0	459	270	28522	21478
RES	11	0.5	4000	1	457	401	28674	21326
RES	11	0.5	4000	2	810	745	28824	21176
RES	25	0.5	4000	0	441	226	28695	21305
RES	25	0.5	4000	1	385	322	28573	21427
RES	25	0.5	4000	2	328	306	28778	21222
RES	18	0.5	4000	0	425	195	28703	21297
RES	18	0.5	4000	1	265	226	28535	21465
RES	18	0.5	4000	2	316	286	28939	21061
RES	19	0.5	4000	0	436	241	28293	21707
RES	19	0.5	4000	1	367	354	28569	21431
RES	19	0.5	4000	2	252	183	29018	20982
RES	20	0.5	4000	0	467	177	28433	21567
RES	20	0.5	4000	1	250	184	28402	21598
RES	20	0.5	4000	2	311	247	28875	21125
RES	23	0.5	4000	0	374	195	28550	21450
RES	23	0.5	4000	1	371	325	28424	21576
RES	23	0.5	4000	2	267	166	28925	21075
RES	14	0.5	4000	0	493	257	28560	21440
RES	14	0.5	4000	1	458	356	28519	21481
RES	14	0.5	4000	2	339	321	28950	21050
RES	26	0.5	4000	0	412	236	28479	21521
RES	26	0.5	4000	1	277	280	28318	21682
RES	26	0.5	4000	2	458	389	29037	20963
RES	21	0.5	4000	0	534	305	28541	21459
RES	21	0.5	4000	1	333	275	28414	21586
RES	21	0.5	4000	2	202	168	28921	21079
RES	31	0.5	4000	0	408	202	28432	21568
RES	31	0.5	4000	1	443	440	28331	21669
RES	31	0.5	4000	2	518	416	28741	21259
RES	28	0.5	4000	0	483	223	28561	21439
RES	28	0.5	4000	1	372	337	28613	21387
RES	28	0.5	4000	2	347	294	28991	21009
RES	35	0.5	4000	0	422	209	28608	21392
RES	35	0.5	4000	1	394	325	28456	21544
RES	35	0.5	4000	2	430	352	28821	21179
RES	22	0.5	4000	0	447	266	28592	21408
RES	22	0.5	4000	1	407	335	28610	21390
RES	22	0.5	4000	2	334	281	28975	21025
RES	34	0.5	4000	0	523	268	28705	21295
RES	34	0.5	4000	1	333	281	28612	21388
RES	34	0.5	4000	2	242	208	28800	21200
RES	27	0.5	4000	0	448	215	28655	21345
RES	27	0.5	4000	1	407	333	28489	21511
RES	27	0.5	4000	2	253	223	28791	21209
RES	33	0.5	4000	0	421	270	28344	21656
RES	33	0.5	4000	1	334	306	28460	21540
RES	33	0.5	4000	2	340	269	28772	21228
RES	36	0.5	4000	0	404	196	28594	21406
RES	36	0.5	4000	1	437	382	28787	21213
RES	36	0.5	4000	2	236	172	28860	21140
RES	24	0.5	4000	0	347	162	28465	21535
RES	24	0.5	4000	1	325	260	28678	21322
RES	24	0.5	4000	2	316	276	28784	21216
RES	32	0.5	4000	0	489	281	28541	21459
RES	32	0.5	4000	1	393	310	28554	21446
RES	32	0.5	4000	2	292	300	28934	21066
RES	30	0.5	4000	0	385	255	28324	21676
RES	30	0.5	4000	1	366	336	28570	21430
RES	30	0.5	4000	2	1003	972	28912	21088
RES	39	0.5	4000	0	572	335	28577	21423
RES	39	0.5	4000	1	279	243	28731	21269
RES	39	0.5	4000	2	210	184	28837	21163
RES	2	1.0	0	0	545	202	28105	21895
RES	2	1.0	0	1	600	242	28312	21688
RES	2	1.0	0	2	497	480	28911	21089
RES	38	0.5	4000	0	449	240	28772	21228
RES	38	0.5	4000	1	388	312	28490	21510
RES	38	0.5	4000	2	475	405	28958	21042
RES	29	0.5	4000	0	467	267	28632	21368
RES	29	0.5	4000	1	448	412	28595	21405
RES	29	0.5	4000	2	224	196	28939	21061
RES	37	0.5	4000	0	374	188	28678	21322
RES	37	0.5	4000	1	353	296	28656	21344
RES	37	0.5	4000	2	419	389	28928	21072
RES	9	1.0	0	0	490	165	28060	21940
RES	9	1.0	0	1	511	222	28013	21987
RES	9	1.0	0	2	553	462	28781	21219
RES	1	1.0	0	0	564	179	28084	21916
RES	1	1.0	0	1	498	135	28422	21578
RES	1	1.0	0	2	503	396	28975	21025
RES	11	1.0	0	0	516	190	28101	21899
RES	11	1.0	0	1	539	249	28207	21793
RES	11	1.0	0	2	445	335	28736	21264
RES	7	1.0	0	0	538	214	28187	21813
RES	7	1.0	0	1	552	197	28114	21886
RES	7	1.0	0	2	278	226	28841	21159
RES	3	1.0	0	0	566	175	28257	21743
RES	3	1.0	0	1	590	213	28215	21785
RES	3	1.0	0	2	489	416	28801	21199
RES	40	0.5	4000	0	385	226	28611	21389
RES	40	0.5	4000	1	347	263	28552	21448
RES	40	0.5	4000	2	193	142	28826	21174
RES	12	1.0	0	0	543	183	28018	21982
RES	12	1.0	0	1	649	237	28248	21752
RES	12	1.0	0	2	303	308	28836	21164
RES	5	1.0	0	0	602	207	28262	21738
RES	5	1.0	0	1	639	168	28369	21631
RES	5	1.0	0	2	485	410	28769	21231
RES	6	1.0	0	0	499	127	28183	21817
RES	6	1.0	0	1	523	131	28123	21877
RES	6	1.0	0	2	230	197	29015	20985
RES	17	1.0	0	0	531	152	28248	21752
RES	17	1.0	0	1	587	169	28325	21675
RES	17	1.0	0	2	194	157	28954	21046
RES	4	1.0	0	0	527	198	28436	21564
RES	4	1.0	0	1	498	160	28107	21893
RES	4	1.0	0	2	321	225	28954	21046
RES	21	1.0	0	0	459	158	28118	21882
RES	21	1.0	0	1	509	199	28198	21802
RES	21	1.0	0	2	446	363	28952	21048
RES	14	1.0	0	0	563	154	28117	21883
RES	14	1.0	0	1	495	138	28045	21955
RES	14	1.0	0	2	192	150	28781	21219
RES	10	1.0	0	0	570	213	28395	21605
RES	10	1.0	0	1	632	205	28128	21872
RES	10	1.0	0	2	446	423	28848	21152
RES	8	1.0	0	0	502	202	28163	21837
RES	8	1.0	0	1	669	202	28135	21865
RES	8	1.0	0	2	281	232	28573	21427
RES	19	1.0	0	0	573	241	28057	21943
RES	19	1.0	0	1	607	262	28256	21744
RES	19	1.0	0	2	394	353	28826	21174
RES	23	1.0	0	0	552	219	28470	21530
RES	23	1.0	0	1	679	247	28272	21728
RES	23	1.0	0	2	539	495	28816	21184
RES	20	1.0	0	0	609	258	28126	21874
RES	20	1.0	0	1	591	159	28292	21708
RES	20	1.0	0	2	218	171	29014	20986
RES	22	1.0	0	0	572	207	28155	21845
RES	22	1.0	0	1	515	156	28269	21731
RES	22	1.0	0	2	383	344	28761	21239
RES	13	1.0	0	0	507	159	28109	21891
RES	13	1.0	0	1	504	156	28108	21892
RES	13	1.0	0	2	214	135	28598	21402
RES	15	1.0	0	0	528	126	28075	21925
RES	15	1.0	0	1	521	172	28219	21781
RES	15	1.0	0	2	235	201	28920	21080
RES	16	1.0	0	0	554	272	28129	21871
RES	16	1.0	0	1	656	204	28232	21768
RES	16	1.0	0	2	426	323	28783	21217
RES	28	1.0	0	0	583	152	28251	21749
RES	28	1.0	0	1	676	233	28321	21679
RES	28	1.0	0	2	316	248	28881	21119
RES	31	1.0	0	0	485	145	28217	21783
RES	31	1.0	0	1	555	208	28260	21740
RES	31	1.0	0	2	208	155	29024	20976
RES	26	1.0	0	0	603	210	28202	21798
RES	26	1.0	0	1	550	215	28530	21470
RES	26	1.0	0	2	399	308	28723	21277
RES	18	1.0	0	0	610	236	28152	21848
RES	18	1.0	0	1	534	234	28210	21790
RES	18	1.0	0	2	618	540	28856	21144
RES	33	1.0	0	0	635	179	28166	21834
RES	33	1.0	0	1	533	213	28142	21858
RES	33	1.0	0	2	339	261	28827	21173
RES	24	1.0	0	0	571	177	28155	21845
RES	24	1.0	0	1	520	146	28215	21785
RES	24	1.0	0	2	236	161	28859	21141
RES	27	1.0	0	0	636	245	28049	21951
RES	27	1.0	0	1	557	164	28157	21843
RES	27	1.0	0	2	280	235	28855	21145
RES	25	1.0	0	0	684	214	28211	21789
RES	25	1.0	0	1	610	207	27937	22063
RES	25	1.0	0	2	924	885	28851	21149
RES	38	1.0	0	0	628	231	28346	21654
RES	38	1.0	0	1	568	188	28301	21699
RES	38	1.0	0	2	403	342	28864	21136
RES	37	1.0	0	0	564	187	28124	21876
RES	37	1.0	0	1	522	145	28133	21867
RES	37	1.0	0	2	206	153	28915	21085
RES	34	1.0	0	0	541	235	28088	21912
RES	34	1.0	0	1	540	173	28279	21721
RES	34	1.0	0	2	809	728	28920	21080
RES	39	1.0	0	0	542	195	28279	21721
RES	39	1.0	0	1	525	190	28311	21689
RES	39	1.0	0	2	203	115	28951	21049
RES	3	1.0	1000	0	566	163	28318	21682
RES	3	1.0	1000	1	475	222	28156	21844
RES	3	1.0	1000	2	255	243	28927	21073
RES	29	1.0	0	0	563	229	28246	21754
RES	29	1.0	0	1	589	171	28097	21903
RES	29	1.0	0	2	189	141	28943	21057
RES	5	1.0	1000	0	561	223	28163	21837
RES	5	1.0	1000	1	552	235	27958	22042
RES	5	1.0	1000	2	414	367	28907	21093
RES	32	1.0	0	0	609	210	28177	21823
RES	32	1.0	0	1	633	233	28387	21613
RES	32	1.0	0	2	466	409	28825	21175
RES	4	1.0	1000	0	637	206	28032	21968
RES	4	1.0	1000	1	481	214	28049	21951
RES	4	1.0	1000	2	210	170	28814	21186
RES	30	1.0	0	0	644	174	28421	21579
RES	30	1.0	0	1	485	206	28364	21636
RES	30	1.0	0	2	266	200	28857	21143
RES	35	1.0	0	0	662	217	28095	21905
RES	35	1.0	0	1	597	201	28045	21955
RES	35	1.0	0	2	550	490	28890	21110
RES	8	1.0	1000	0	618	252	28074	21926
RES	8	1.0	1000	1	524	259	28324	21676
RES	8	1.0	1000	2	548	502	28839	21161
RES	9	1.0	1000	0	624	222	28197	21803
RES	9	1.0	1000	1	495	209	28210	21790
RES	9	1.0	1000	2	227	159	28850	21150
RES	7	1.0	1000	0	528	167	28255	21745
RES	7	1.0	1000	1	411	169	28342	21658
RES	7	1.0	1000	2	220	179	28863	21137
RES	11	1.0	1000	0	571	193	27886	22114
RES	11	1.0	1000	1	418	137	28139	21861
RES	11	1.0	1000	2	225	182	28758	21242
RES	2	1.0	1000	0	478	193	28174	21826
RES	2	1.0	1000	1	398	284	28359	21641
RES	2	1.0	1000	2	335	322	28829	21171
RES	1	1.0	1000	0	565	159	28380	21620
RES	1	1.0	1000	1	458	217	28168	21832
RES	1	1.0	1000	2	422	333	28771	21229
RES	40	1.0	0	0	558	190	28053	21947
RES	40	1.0	0	1	529	124	28407	21593
RES	40	1.0	0	2	324	264	28802	21198
RES	36	1.0	0	0	518	124	28004	21996
RES	36	1.0	0	1	503	188	28055	21945
RES	36	1.0	0	2	488	445	28905	21095
RES	6	1.0	1000	0	629	242	28281	21719
RES	6	1.0	1000	1	529	203	28196	21804
RES	6	1.0	1000	2	324	237	28573	21427
RES	16	1.0	1000	0	556	204	28026	21974
RES	16	1.0	1000	1	461	213	28169	21831
RES	16	1.0	1000	2	310	203	28928	21072
RES	10	1.0	1000	0	488	147	28156	21844
RES	10	1.0	1000	1	496	200	28353	21647
RES	10	1.0	1000	2	211	194	28891	21109
RES	12	1.0	1000	0	551	186	28565	21435
RES	12	1.0	1000	1	582	292	28177	21823
RES	12	1.0	1000	2	406	354	29048	20952
RES	18	1.0	1000	0	578	209	28156	21844
RES	18	1.0	1000	1	604	240	28180	21820
RES	18	1.0	1000	2	780	704	28783	21217
RES	13	1.0	1000	0	610	181	28275	21725
RES	13	1.0	1000	1	568	260	28124	21876
RES	13	1.0	1000	2	530	423	28910	21090
RES	20	1.0	1000	0	614	159	28065	21935
RES	20	1.0	1000	1	426	163	28057	21943
RES	20	1.0	1000	2	311	257	28966	21034
RES	19	1.0	1000	0	641	182	28141	21859
RES	19	1.0	1000	1	448	215	28189	21811
RES	19	1.0	1000	2	280	230	29025	20975
RES	14	1.0	1000	0	583	288	28202	21798
RES	14	1.0	1000	1	460	173	28243	21757
RES	14	1.0	1000	2	303	218	28852	21148
RES	25	1.0	1000	0	555	128	28367	21633
RES	25	1.0	1000	1	458	244	27998	22002
RES	25	1.0	1000	2	184	121	29055	20945
RES	15	1.0	1000	0	537	172	28358	21642
RES	15	1.0	1000	1	470	158	28069	21931
RES	15	1.0	1000	2	451	413	28583	21417
RES	21	1.0	1000	0	533	188	28215	21785
RES	21	1.0	1000	1	548	223	28262	21738
RES	21	1.0	1000	2	416	385	28770	21230
RES	28	1.0	1000	0	600	126	28592	21408
RES	28	1.0	1000	1	556	239	28395	21605
RES	28	1.0	1000	2	317	274	28835	21165
RES	17	1.0	1000	0	628	192	28050	21950
RES	17	1.0	1000	1	505	237	28213	21787
RES	17	1.0	1000	2	225	155	28755	21245
RES	29	1.0	1000	0	540	170	28211	21789
RES	29	1.0	1000	1	509	211	28291	21709
RES	29	1.0	1000	2	267	213	28952	21048
RES	23	1.0	1000	0	617	247	28227	21773
RES	23	1.0	1000	1	559	170	28181	21819
RES	23	1.0	1000	2	195	164	28649	21351
RES	30	1.0	1000	0	683	187	28172	21828
RES	30	1.0	1000	1	545	186	27968	22032
RES	30	1.0	1000	2	377	311	28812	21188
RES	22	1.0	1000	0	562	136	28321	21679
RES	22	1.0	1000	1	442	216	28330	21670
RES	22	1.0	1000	2	381	321	28811	21189
RES	38	1.0	1000	0	542	219	28144	21856
RES	38	1.0	1000	1	546	320	28238	21762
RES	38	1.0	1000	2	462	386	28759	21241
RES	24	1.0	1000	0	509	197	28202	21798
RES	24	1.0	1000	1	452	196	28098	21902
RES	24	1.0	1000	2	496	441	28802	21198
RES	26	1.0	1000	0	553	212	28014	21986
RES	26	1.0	1000	1	456	193	28159	21841
RES	26	1.0	1000	2	289	254	28917	21083
RES	27	1.0	1000	0	616	211	28238	21762
RES	27	1.0	1000	1	549	190	28103	21897
RES	27	1.0	1000	2	231	165	29023	20977
RES	40	1.0	1000	0	587	231	28224	21776
RES	40	1.0	1000	1	553	218	28427	21573
RES	40	1.0	1000	2	276	187	28808	21192
RES	32	1.0	1000	0	562	154	28275	21725
RES	32	1.0	1000	1	573	271	28118	21882
RES	32	1.0	1000	2	371	360	28767	21233
RES	5	1.0	2000	0	537	232	28384	21616
RES	5	1.0	2000	1	504	256	28058	21942
RES	5	1.0	2000	2	233	165	28889	21111
RES	6	1.0	2000	0	709	271	28342	21658
RES	6	1.0	2000	1	502	311	28424	21576
RES	6	1.0	2000	2	551	470	28819	21181
RES	4	1.0	2000	0	638	229	28032	21968
RES	4	1.0	2000	1	391	201	28173	21827
RES	4	1.0	2000	2	246	153	28956	21044
RES	31	1.0	1000	0	512	185	28141	21859
RES	31	1.0	1000	1	503	211	28220	21780
RES	31	1.0	1000	2	282	253	28737	21263
RES	36	1.0	1000	0	572	161	28265	21735
RES	36	1.0	1000	1	412	189	28219	21781
RES	36	1.0	1000	2	324	246	28881	21119
RES	35	1.0	1000	0	608	173	28370	21630
RES	35	1.0	1000	1	445	165	27919	22081
RES	35	1.0	1000	2	374	318	28734	21266
RES	37	1.0	1000	0	547	179	28178	21822
RES	37	1.0	1000	1	563	234	27992	22008
RES	37	1.0	1000	2	259	194	28864	21136
RES	1	1.0	2000	0	550	161	28239	21761
RES	1	1.0	2000	1	518	257	28272	21728
RES	1	1.0	2000	2	435	380	28965	21035
RES	11	1.0	2000	0	627	215	28131	21869
RES	11	1.0	2000	1	490	303	28067	21933
RES	11	1.0	2000	2	275	231	28903	21097
RES	33	1.0	1000	0	669	208	28067	21933
RES	33	1.0	1000	1	522	207	28067	21933
RES	33	1.0	1000	2	596	536	28848	21152
RES	2	1.0	2000	0	603	205	28292	21708
RES	2	1.0	2000	1	354	248	28088	21912
RES	2	1.0	2000	2	256	172	29063	20937
RES	34	1.0	1000	0	483	202	28153	21847
RES	34	1.0	1000	1	591	267	28271	21729
RES	34	1.0	1000	2	394	328	28958	21042
RES	3	1.0	2000	0	593	192	28027	21973
RES	3	1.0	2000	1	504	249	28169	21831
RES	3	1.0	2000	2	385	271	28976	21024
RES	8	1.0	2000	0	608	231	28276	21724
RES	8	1.0	2000	1	448	220	28651	21349
RES	8	1.0	2000	2	261	203	28737	21263
RES	14	1.0	2000	0	642	261	28180	21820
RES	14	1.0	2000	1	437	222	28405	21595
RES	14	1.0	2000	2	380	330	28818	21182
RES	13	1.0	2000	0	606	236	28232	21768
RES	13	1.0	2000	1	471	205	28136	21864
RES	13	1.0	2000	2	240	187	28764	21236
RES	12	1.0	2000	0	589	237	28238	21762
RES	12	1.0	2000	1	510	278	28311	21689
RES	12	1.0	2000	2	310	285	28859	21141
RES	7	1.0	2000	0	560	137	28125	21875
RES	7	1.0	2000	1	511	265	28241	21759
RES	7	1.0	2000	2	449	377	29037	20963
RES	9	1.0	2000	0	607	208	28068	21932
RES	9	1.0	2000	1	453	211	28212	21788
RES	9	1.0	2000	2	255	180	28862	21138
RES	39	1.0	1000	0	574	172	28239	21761
RES	39	1.0	1000	1	480	155	28121	21879
RES	39	1.0	1000	2	549	499	28862	21138
RES	18	1.0	2000	0	493	160	28135	21865
RES	18	1.0	2000	1	428	259	28151	21849
RES	18	1.0	2000	2	423	406	28760	21240
RES	16	1.0	2000	0	563	162	28349	21651
RES	16	1.0	2000	1	425	187	28073	21927
RES	16	1.0	2000	2	443	354	28892	21108
RES	15	1.0	2000	0	562	166	28205	21795
RES	15	1.0	2000	1	392	152	28366	21634
RES	15	1.0	2000	2	213	159	28877	21123
RES	10	1.0	2000	0	574	247	28058	21942
RES	10	1.0	2000	1	514	282	28291	21709
RES	10	1.0	2000	2	239	190	28733	21267
RES	20	1.0	2000	0	573	199	28312	21688
RES	20	1.0	2000	1	423	241	28285	21715
RES	20	1.0	2000	2	215	171	29007	20993
RES	22	1.0	2000	0	556	190	28253	21747
RES	22	1.0	2000	1	379	219	28251	21749
RES	22	1.0	2000	2	229	163	28950	21050
RES	21	1.0	2000	0	529	179	28269	21731
RES	21	1.0	2000	1	374	210	28440	21560
RES	21	1.0	2000	2	213	161	28865	21135
RES	17	1.0	2000	0	446	150	28097	21903
RES	17	1.0	2000	1	376	189	28051	21949
RES	17	1.0	2000	2	261	209	29076	20924
RES	23	1.0	2000	0	580	259	28403	21597
RES	23	1.0	2000	1	554	315	27997	22003
RES	23	1.0	2000	2	306	228	28808	21192
RES	31	1.0	2000	0	643	210	28263	21737
RES	31	1.0	2000	1	494	310	28248	21752
RES	31	1.0	2000	2	241	185	28942	21058
RES	19	1.0	2000	0	639	278	28093	21907
RES	19	1.0	2000	1	394	230	28183	21817
RES	19	1.0	2000	2	286	272	29057	20943
RES	25	1.0	2000	0	586	135	28006	21994
RES	25	1.0	2000	1	373	244	28096	21904
RES	25	1.0	2000	2	543	477	29040	20960
RES	24	1.0	2000	0	530	222	28244	21756
RES	24	1.0	2000	1	373	197	28397	21603
RES	24	1.0	2000	2	240	194	28766	21234
RES	33	1.0	2000	0	557	139	28059	21941
RES	33	1.0	2000	1	414	221	28207	21793
RES	33	1.0	2000	2	285	242	28874	21126
RES	29	1.0	2000	0	553	202	28300	21700
RES	29	1.0	2000	1	501	230	28101	21899
RES	29	1.0	2000	2	559	526	28753	21247
RES	27	1.0	2000	0	527	171	28285	21715
RES	27	1.0	2000	1	448	372	28047	21953
RES	27	1.0	2000	2	242	174	28830	21170
RES	26	1.0	2000	0	572	193	28008	21992
RES	26	1.0	2000	1	455	222	28054	21946
RES	26	1.0	2000	2	482	387	28997	21003
RES	30	1.0	2000	0	537	204	28156	21844
RES	30	1.0	2000	1	481	253	28201	21799
RES	30	1.0	2000	2	334	275	28861	21139
RES	34	1.0	2000	0	577	266	28008	21992
RES	34	1.0	2000	1	558	255	28120	21880
RES	34	1.0	2000	2	338	289	28803	21197
RES	1	1.0	3000	0	508	237	28321	21679
RES	1	1.0	3000	1	391	228	28322	21678
RES	1	1.0	3000	2	361	295	28803	21197
RES	35	1.0	2000	0	453	134	28100	21900
RES	35	1.0	2000	1	459	240	28256	21744
RES	35	1.0	2000	2	348	285	28678	21322
RES	28	1.0	2000	0	543	242	28274	21726
RES	28	1.0	2000	1	464	245	28089	21911
RES	28	1.0	2000	2	312	247	28754	21246
RES	4	1.0	3000	0	584	210	28199	21801
RES	4	1.0	3000	1	459	390	28149	21851
RES	4	1.0	3000	2	367	323	28714	21286
RES	3	1.0	3000	0	474	142	28347	21653
RES	3	1.0	3000	1	430	267	28244	21756
RES	3	1.0	3000	2	354	340	28759	21241
RES	32	1.0	2000	0	493	161	27902	22098
RES	32	1.0	2000	1	498	295	28154	21846
RES	32	1.0	2000	2	740	664	28768	21232
RES	37	1.0	2000	0	631	234	27942	22058
RES	37	1.0	2000	1	421	250	27972	22028
RES	37	1.0	2000	2	249	218	28912	21088
RES	10	1.0	3000	0	612	206	28245	21755
RES	10	1.0	3000	1	358	275	28080	21920
RES	10	1.0	3000	2	218	180	29037	20963
RES	8	1.0	3000	0	586	223	28066	21934
RES	8	1.0	3000	1	304	183	28223	21777
RES	8	1.0	3000	2	249	152	29091	20909
RES	11	1.0	3000	0	495	169	28164	21836
RES	11	1.0	3000	1	438	301	28022	21978
RES	11	1.0	3000	2	283	214	28823	21177
RES	9	1.0	3000	0	518	195	28097	21903
RES	9	1.0	3000	1	363	284	28175	21825
RES	9	1.0	3000	2	429	362	28918	21082
RES	38	1.0	2000	0	687	237	28194	21806
RES	38	1.0	2000	1	432	212	28000	22000
RES	38	1.0	2000	2	186	164	29023	20977
RES	17	1.0	3000	0	586	188	28201	21799
RES	17	1.0	3000	1	462	323	28270	21730
RES	17	1.0	3000	2	302	210	29280	20720
RES	39	1.0	2000	0	562	167	28224	21776
RES	39	1.0	2000	1	483	286	28201	21799
RES	39	1.0	2000	2	494	401	28758	21242
RES	40	1.0	2000	0	580	131	28224	21776
RES	40	1.0	2000	1	452	250	28357	21643
RES	40	1.0	2000	2	254	198	28799	21201
RES	7	1.0	3000	0	619	260	28333	21667
RES	7	1.0	3000	1	435	273	28284	21716
RES	7	1.0	3000	2	400	328	28922	21078
RES	22	1.0	3000	0	592	148	28248	21752
RES	22	1.0	3000	1	319	220	27885	22115
RES	22	1.0	3000	2	197	144	28798	21202
RES	19	1.0	3000	0	550	181	28194	21806
RES	19	1.0	3000	1	456	376	28105	21895
RES	19	1.0	3000	2	300	279	28752	21248
RES	14	1.0	3000	0	599	188	28247	21753
RES	14	1.0	3000	1	447	320	28185	21815
RES	14	1.0	3000	2	262	217	28890	21110
RES	13	1.0	3000	0	584	244	28112	21888
RES	13	1.0	3000	1	345	263	28190	21810
RES	13	1.0	3000	2	230	153	28689	21311
RES	23	1.0	3000	0	495	158	28045	21955
RES	23	1.0	3000	1	465	280	28217	21783
RES	23	1.0	3000	2	328	312	28944	21056
RES	16	1.0	3000	0	509	142	28211	21789
RES	16	1.0	3000	1	440	281	28057	21943
RES	16	1.0	3000	2	298	263	28878	21122
RES	36	1.0	2000	0	598	250	28166	21834
RES	36	1.0	2000	1	437	199	28010	21990
RES	36	1.0	2000	2	415	349	28799	21201
RES	6	1.0	3000	0	593	257	28073	21927
RES	6	1.0	3000	1	402	249	28273	21727
RES	6	1.0	3000	2	289	222	28760	21240
RES	20	1.0	3000	0	502	154	28037	21963
RES	20	1.0	3000	1	334	242	28234	21766
RES	20	1.0	3000	2	356	318	28818	21182
RES	2	1.0	3000	0	522	178	28184	21816
RES	2	1.0	3000	1	406	229	28188	21812
RES	2	1.0	3000	2	254	185	28929	21071
RES	5	1.0	3000	0	660	173	28209	21791
RES	5	1.0	3000	1	442	330	28366	21634
RES	5	1.0	3000	2	324	288	28942	21058
RES	15	1.0	3000	0	567	187	28178	21822
RES	15	1.0	3000	1	426	259	28132	21868
RES	15	1.0	3000	2	269	224	29035	20965
RES	26	1.0	3000	0	611	156	28096	21904
RES	26	1.0	3000	1	286	201	28177	21823
RES	26	1.0	3000	2	565	519	28979	21021
RES	12	1.0	3000	0	602	192	28249	21751
RES	12	1.0	3000	1	517	312	28208	21792
RES	12	1.0	3000	2	292	212	29000	21000
RES	18	1.0	3000	0	628	197	28278	21722
RES	18	1.0	3000	1	355	249	27996	22004
RES	18	1.0	3000	2	203	145	28933	21067
RES	25	1.0	3000	0	669	193	28190	21810
RES	25	1.0	3000	1	370	208	28337	21663
RES	25	1.0	3000	2	248	200	28787	21213
RES	29	1.0	3000	0	505	171	28234	21766
RES	29	1.0	3000	1	429	287	28110	21890
RES	29	1.0	3000	2	180	154	28944	21056
RES	32	1.0	3000	0	609	211	28140	21860
RES	32	1.0	3000	1	373	309	28168	21832
RES	32	1.0	3000	2	354	274	28924	21076
RES	21	1.0	3000	0	665	185	28037	21963
RES	21	1.0	3000	1	431	355	28134	21866
RES	21	1.0	3000	2	270	218	28641	21359
RES	24	1.0	3000	0	545	221	28125	21875
RES	24	1.0	3000	1	374	229	28311	21689
RES	24	1.0	3000	2	284	245	28660	21340
RES	27	1.0	3000	0	542	120	28341	21659
RES	27	1.0	3000	1	394	272	28138	21862
RES	27	1.0	3000	2	251	194	28924	21076
RES	30	1.0	3000	0	607	241	28252	21748
RES	30	1.0	3000	1	426	292	28208	21792
RES	30	1.0	3000	2	234	177	28821	21179
RES	37	1.0	3000	0	554	218	28228	21772
RES	37	1.0	3000	1	327	259	28085	21915
RES	37	1.0	3000	2	223	163	28624	21376
RES	35	1.0	3000	0	537	173	27878	22122
RES	35	1.0	3000	1	356	229	28193	21807
RES	35	1.0	3000	2	271	217	28954	21046
RES	31	1.0	3000	0	669	187	28087	21913
RES	31	1.0	3000	1	397	245	28358	21642
RES	31	1.0	3000	2	719	617	28782	21218
RES	38	1.0	3000	0	476	129	28354	21646
RES	38	1.0	3000	1	468	320	28075	21925
RES	38	1.0	3000	2	567	454	28832	21168
RES	28	1.0	3000	0	710	168	28298	21702
RES	28	1.0	3000	1	330	286	28327	21673
RES	28	1.0	3000	2	379	307	28778	21222
RES	2	1.0	4000	0	467	122	28169	21831
RES	2	1.0	4000	1	370	353	28180	21820
RES	2	1.0	4000	2	437	414	28882	21118
RES	36	1.0	3000	0	574	209	28098	21902
RES	36	1.0	3000	1	437	264	28192	21808
RES	36	1.0	3000	2	230	166	28861	21139
RES	40	1.0	3000	0	533	194	27899	22101
RES	40	1.0	3000	1	382	249	27978	22022
RES	40	1.0	3000	2	254	203	28736	21264
RES	34	1.0	3000	0	488	172	28161	21839
RES	34	1.0	3000	1	382	296	28311	21689
RES	34	1.0	3000	2	496	397	28849	21151
RES	33	1.0	3000	0	587	164	28253	21747
RES	33	1.0	3000	1	442	303	28339	21661
RES	33	1.0	3000	2	268	168	28709	21291
RES	3	1.0	4000	0	554	148	28117	21883
RES	3	1.0	4000	1	405	331	28377	21623
RES	3	1.0	4000	2	772	767	29037	20963
RES	8	1.0	4000	0	560	209	27983	22017
RES	8	1.0	4000	1	290	262	28171	21829
RES	8	1.0	4000	2	374	307	28797	21203
RES	9	1.0	4000	0	525	196	28298	21702
RES	9	1.0	4000	1	398	357	28171	21829
RES	9	1.0	4000	2	204	169	28902	21098
RES	11	1.0	4000	0	518	188	28380	21620
RES	11	1.0	4000	1	382	381	28212	21788
RES	11	1.0	4000	2	257	197	28703	21297
RES	39	1.0	3000	0	502	162	28214	21786
RES	39	1.0	3000	1	400	253	28073	21927
RES	39	1.0	3000	2	528	466	29063	20937
RES	4	1.0	4000	0	654	192	28301	21699
RES	4	1.0	4000	1	388	293	28068	21932
RES	4	1.0	4000	2	328	295	28789	21211
RES	1	1.0	4000	0	500	182	28177	21823
RES	1	1.0	4000	1	407	352	28186	21814
RES	1	1.0	4000	2	398	339	28652	21348
RES	13	1.0	4000	0	539	179	28368	21632
RES	13	1.0	4000	1	340	330	28398	21602
RES	13	1.0	4000	2	196	138	28790	21210
RES	6	1.0	4000	0	501	144	28250	21750
RES	6	1.0	4000	1	418	347	28143	21857
RES	6	1.0	4000	2	521	490	28846	21154
RES	5	1.0	4000	0	461	175	28166	21834
RES	5	1.0	4000	1	396	394	28224	21776
RES	5	1.0	4000	2	266	215	28810	21190
RES	17	1.0	4000	0	535	165	28338	21662
RES	17	1.0	4000	1	338	285	28009	21991
RES	17	1.0	4000	2	264	202	28779	21221
RES	10	1.0	4000	0	542	178	28222	21778
RES	10	1.0	4000	1	406	312	28289	21711
RES	10	1.0	4000	2	296	257	28851	21149
RES	14	1.0	4000	0	621	121	28076	21924
RES	14	1.0	4000	1	420	376	28289	21711
RES	14	1.0	4000	2	557	498	28991	21009
RES	7	1.0	4000	0	599	124	28204	21796
RES	7	1.0	4000	1	438	322	28032	21968
RES	7	1.0	4000	2	349	289	28826	21174
RES	19	1.0	4000	0	618	173	28029	21971
RES	19	1.0	4000	1	366	307	27774	22226
RES	19	1.0	4000	2	249	194	28812	21188
RES	21	1.0	4000	0	560	195	28300	21700
RES	21	1.0	4000	1	415	356	28067	21933
RES	21	1.0	4000	2	220	162	28904	21096
RES	15	1.0	4000	0	531	184	28230	21770
RES	15	1.0	4000	1	384	311	28076	21924
RES	15	1.0	4000	2	318	244	28866	21134
RES	22	1.0	4000	0	592	142	28011	21989
RES	22	1.0	4000	1	406	330	28249	21751
RES	22	1.0	4000	2	201	169	29022	20978
RES	16	1.0	4000	0	506	200	28342	21658
RES	16	1.0	4000	1	419	305	28369	21631
RES	16	1.0	4000	2	293	280	28787	21213
RES	12	1.0	4000	0	553	175	28201	21799
RES	12	1.0	4000	1	453	387	28177	21823
RES	12	1.0	4000	2	482	460	28922	21078
RES	18	1.0	4000	0	502	147	28121	21879
RES	18	1.0	4000	1	286	182	28315	21685
RES	18	1.0	4000	2	223	197	28906	21094
RES	28	1.0	4000	0	521	201	28276	21724
RES	28	1.0	4000	1	426	399	28211	21789
RES	28	1.0	4000	2	291	252	28905	21095
RES	20	1.0	4000	0	665	219	28266	21734
RES	20	1.0	4000	1	314	272	28256	21744
RES	20	1.0	4000	2	293	223	28898	21102
RES	27	1.0	4000	0	584	247	28075	21925
RES	27	1.0	4000	1	350	325	28428	21572
RES	27	1.0	4000	2	449	356	29070	20930
RES	23	1.0	4000	0	505	169	28276	21724
RES	23	1.0	4000	1	334	316	28209	21791
RES	23	1.0	4000	2	219	172	28863	21137
RES	32	1.0	4000	0	502	155	28014	21986
RES	32	1.0	4000	1	250	178	28267	21733
RES	32	1.0	4000	2	237	153	28650	21350
RES	31	1.0	4000	0	607	253	28091	21909
RES	31	1.0	4000	1	231	215	28155	21845
RES	31	1.0	4000	2	193	142	29063	20937
RES	26	1.0	4000	0	580	175	28133	21867
RES	26	1.0	4000	1	367	316	28083	21917
RES	26	1.0	4000	2	719	649	28954	21046
RES	24	1.0	4000	0	652	207	28304	21696
RES	24	1.0	4000	1	315	316	27990	22010
RES	24	1.0	4000	2	293	256	29005	20995
RES	25	1.0	4000	0	523	150	28310	21690
RES	25	1.0	4000	1	254	175	28075	21925
RES	25	1.0	4000	2	193	145	29015	20985
RES	33	1.0	4000	0	526	140	27967	22033
RES	33	1.0	4000	1	382	358	27994	22006
RES	33	1.0	4000	2	294	201	28878	21122
RES	29	1.0	4000	0	617	166	28201	21799
RES	29	1.0	4000	1	291	288	28111	21889
RES	29	1.0	4000	2	243	151	29050	20950
RES	34	1.0	4000	0	590	203	28072	21928
RES	34	1.0	4000	1	327	323	28187	21813
RES	34	1.0	4000	2	317	265	28931	21069
RES	37	1.0	4000	0	680	210	28031	21969
RES	37	1.0	4000	1	199	155	28334	21666
RES	37	1.0	4000	2	228	214	28842	21158
RES	38	1.0	4000	0	427	146	28460	21540
RES	38	1.0	4000	1	353	277	28257	21743
RES	38	1.0	4000	2	260	225	28949	21051
RES	39	1.0	4000	0	683	230	28329	21671
RES	39	1.0	4000	1	367	375	28184	21816
RES	39	1.0	4000	2	228	192	28847	21153
RES	30	1.0	4000	0	601	206	28217	21783
RES	30	1.0	4000	1	374	324	28164	21836
RES	30	1.0	4000	2	479	491	28740	21260
RES	35	1.0	4000	0	576	147	28265	21735
RES	35	1.0	4000	1	437	389	28379	21621
RES	35	1.0	4000	2	250	224	28938	21062
RES	40	1.0	4000	0	523	203	28260	21740
RES	40	1.0	4000	1	346	271	28301	21699
RES	40	1.0	4000	2	412	386	28799	21201
RES	36	1.0	4000	0	629	183	28325	21675
RES	36	1.0	4000	1	397	321	28377	21623
RES	36	1.0	4000	2	292	235	28934	21066
