chr2	0	4400000	p25.3	gneg
chr2	4400000	6900000	p25.2	gpos50
chr2	6900000	12000000	p25.1	gneg
chr2	12000000	16500000	p24.3	gpos75
chr2	16500000	19000000	p24.2	gneg
chr2	19000000	23800000	p24.1	gpos75
chr2	23800000	27700000	p23.3	gneg
chr2	27700000	29800000	p23.2	gpos25
chr2	29800000	31800000	p23.1	gneg
chr2	31800000	36300000	p22.3	gpos75
chr2	36300000	38300000	p22.2	gneg
chr2	38300000	41500000	p22.1	gpos50
chr2	41500000	47500000	p21	gneg
chr2	47500000	52600000	p16.3	gpos100
chr2	52600000	54700000	p16.2	gneg
chr2	54700000	61000000	p16.1	gpos100
chr2	61000000	63900000	p15	gneg
chr2	63900000	68400000	p14	gpos50
chr2	68400000	71300000	p13.3	gneg
chr2	71300000	73300000	p13.2	gpos50
chr2	73300000	74800000	p13.1	gneg
chr2	74800000	83100000	p12	gpos100
chr2	83100000	91800000	p11.2	gneg
chr2	91800000	93900000	p11.1	acen
chr2	93900000	96000000	q11.1	acen
chr2	96000000	102100000	q11.2	gneg
chr2	102100000	105300000	q12.1	gpos50
chr2	105300000	106700000	q12.2	gneg
chr2	106700000	108700000	q12.3	gpos25
chr2	108700000	112200000	q13	gneg
chr2	112200000	118100000	q14.1	gpos50
chr2	118100000	121600000	q14.2	gneg
chr2	121600000	129100000	q14.3	gpos50
chr2	129100000	131700000	q21.1	gneg
chr2	131700000	134300000	q21.2	gpos25
chr2	134300000	136100000	q21.3	gneg
chr2	136100000	141500000	q22.1	gpos100
chr2	141500000	143400000	q22.2	gneg
chr2	143400000	147900000	q22.3	gpos100
chr2	147900000	149000000	q23.1	gneg
chr2	149000000	149600000	q23.2	gpos25
chr2	149600000	154000000	q23.3	gneg
chr2	154000000	158900000	q24.1	gpos75
chr2	158900000	162900000	q24.2	gneg
chr2	162900000	168900000	q24.3	gpos75
chr2	168900000	177100000	q31.1	gneg
chr2	177100000	179700000	q31.2	gpos50
chr2	179700000	182100000	q31.3	gneg
chr2	182100000	188500000	q32.1	gpos75
chr2	188500000	191100000	q32.2	gneg
chr2	191100000	196600000	q32.3	gpos75
chr2	196600000	202500000	q33.1	gneg
chr2	202500000	204100000	q33.2	gpos50
chr2	204100000	208200000	q33.3	gneg
chr2	208200000	214500000	q34	gpos100
chr2	214500000	220700000	q35	gneg
chr2	220700000	224300000	q36.1	gpos75
chr2	224300000	225200000	q36.2	gneg
chr2	225200000	230100000	q36.3	gpos100
chr2	230100000	234700000	q37.1	gneg
chr2	234700000	236400000	q37.2	gpos50
chr2	236400000	242193529	q37.3	gneg
