lineage	side	first_Mb	sp_dist_Mb	sp_end	flank_excess	ends_matched_median	n_ends	pct_among_ends	frac_of_matched
gorilla	2a	5	48.88957925	chr12_pat_hsa2a_p	0.02430973778125714		0		
gorilla	2a	10	46.20979175	chr12_pat_hsa2a_p	0.03481736077537312		0		
gorilla	2b	5	11.509596	chr11_pat_hsa2b_p	0.27296240960939167	0.24742635965814605	37	0.5945945945945946	1.1032066671737288
gorilla	2b	10	14.045689	chr11_pat_hsa2b_p	0.24384759790717267	0.18693165056928318	40	0.675	1.3044746417450293
panstem	2a	5	111.70905275	chr2_p	0.5016091706045396		0		
panstem	2a	10	108.702077	chr2_p	0.3636828472722315		0		
panstem	2b	5	116.5531655	chr2_p	0.3577658898994539		0		
panstem	2b	10	118.849943	chr2_p	0.3655561055159064		0		
chimp	2a	5	17.38357	chr12_hap2_hsa2a_p	0.44751451643400947	0.1055605117361007	44	0.9772727272727273	4.2394121539765495
chimp	2a	10	20.25840075	chr12_hap2_hsa2a_p	0.2740744817637958	0.06762383513420525	44	0.9318181818181818	4.052927214492814
chimp	2b	5	13.2239665	chr13_hap2_hsa2b_p	0.30278948052336135	0.1371226718507747	44	0.9090909090909091	2.208164969632997
chimp	2b	10	15.7156105	chr13_hap2_hsa2b_p	0.24313310369362	0.10699385536712722	44	0.8409090909090909	2.272402493202616
bonobo	2a	5	15.35810225	chr12_pat_hsa2a_p	0.47275676449551157	0.07797181913341462	40	1.0	6.063174743769866
bonobo	2a	10	18.2315235	chr12_pat_hsa2a_p	0.30327983639238965	0.08574380145406821	43	0.9069767441860465	3.537046774802171
bonobo	2b	5	20.952401	chr13_pat_hsa2b_p	0.06472198280357694	0.062056737932395606	42	0.5	1.0429485171148514
bonobo	2b	10	23.46857	chr13_pat_hsa2b_p	0.10517024350044996	0.06113734677172877	43	0.6511627906976745	1.7202291079645435
