N	Ts_in_N	Teff_in_N	B	kind	Toff_in_N	rho	That_in_N	bias_in_N	bias_Teff_in_N	counts
400	8.0	11.980153063071839	0.5	step	1.2	0.8494583006230683	1.204333595015454	0.004333595015453966	0.6035126009105887	all
400	8.0	7.992797440162312	0.5	step	1.2	0.9503320478691986	0.3973436170464115	-0.8026563829535885	-0.803014119350826	fixed_only
400	8.0	11.980153063071839	0.5	step	2.4	0.6993495587484447	2.405203530012442	0.005203530012442173	1.20183830467372	all
400	8.0	7.992797440162312	0.5	step	2.4	0.8332488185721724	1.334009451422621	-1.0659905485773788	-1.067191583939618	fixed_only
400	8.0	11.980153063071839	0.5	step	4.0	0.49956404211637306	4.0034876630690155	0.0034876630690155253	1.9952993737108227	all
400	8.0	7.992797440162312	0.5	step	4.0	0.6229507795905902	3.0163937632752784	-0.9836062367247217	-0.9863219562964736	fixed_only
400	8.0	11.980153063071839	0.5	step	5.6	0.29984425506469603	5.601245959482432	0.0012459594824315446	2.787972992314027	all
400	8.0	7.992797440162312	0.5	step	5.6	0.3828696883859955	4.9370424929120365	-0.6629575070879633	-0.6674024250850141	fixed_only
400	8.0	11.980153063071839	0.5	ramp	1.2	0.8398394891536901	1.2812840867704791	0.081284086770479	0.71874743459857	all
400	8.0	7.992797440162312	0.5	ramp	1.2	0.9208870136123679	0.6329038911010567	-0.5670961088989432	-0.5676659249173384	fixed_only
400	8.0	11.980153063071839	0.5	ramp	2.4	0.6997691777727496	2.401846577818003	0.0018465778180032544	1.1968112045343708	all
400	8.0	7.992797440162312	0.5	ramp	2.4	0.8163718751446045	1.469024998843164	-0.9309750011568361	-0.9322975937139896	fixed_only
400	8.0	11.980153063071839	0.5	ramp	4.0	0.4998960064105198	4.000831948715842	0.0008319487158416905	1.991322390655471	all
400	8.0	7.992797440162312	0.5	ramp	4.0	0.6156454093627168	3.0748367250982653	-0.9251632749017347	-0.9279316118396895	fixed_only
400	8.0	11.980153063071839	0.5	ramp	5.6	0.30009998797130766	5.599200096229539	-0.0007999037704610146	2.7849092729495557	all
400	8.0	7.992797440162312	0.5	ramp	5.6	0.379750973626799	4.961992210985608	-0.6380077890143917	-0.6424751697411125	fixed_only
400	8.0	11.980153063071839	1.0	step	1.2	0.8480917712225657	1.215265830219474	0.015265830219474025	0.6198838322937967	all
400	8.0	7.992797440162312	1.0	step	1.2	0.9507235600158876	0.3942115198728988	-0.8057884801271012	-0.8061433966346749	fixed_only
400	8.0	11.980153063071839	1.0	step	2.4	0.6978901819266873	2.4168785445865018	0.01687854458650179	1.2193218623750732	all
400	8.0	7.992797440162312	1.0	step	2.4	0.8335711489435681	1.3314308084514552	-1.0685691915485447	-1.0697679053069964	fixed_only
400	8.0	11.980153063071839	1.0	step	4.0	0.4989678059149788	4.00825755268017	0.008257552680169623	2.002442374665271	all
400	8.0	7.992797440162312	1.0	step	4.0	0.6230165539341316	3.0158675685269474	-0.9841324314730525	-0.98684767730116	fixed_only
400	8.0	11.980153063071839	1.0	step	5.6	0.30013253986621585	5.598939681070274	-0.001060318929726236	2.784519296266063	all
400	8.0	7.992797440162312	1.0	step	5.6	0.3832945806495696	4.9336433548034435	-0.6663566451965562	-0.670798502881654	fixed_only
400	8.0	11.980153063071839	1.0	ramp	1.2	0.8392546135662423	1.2859630914700615	0.08596309147006138	0.7257543336590484	all
400	8.0	7.992797440162312	1.0	ramp	1.2	0.9213989743382743	0.6288082052938053	-0.5711917947061947	-0.5717579232968268	fixed_only
400	8.0	11.980153063071839	1.0	ramp	2.4	0.699080517398459	2.407355860812328	0.007355860812328103	1.2050614612268442	all
400	8.0	7.992797440162312	1.0	ramp	2.4	0.8170895856776341	1.4632833145789272	-0.9367166854210729	-0.9380341086251661	fixed_only
400	8.0	11.980153063071839	1.0	ramp	4.0	0.4997822421673561	4.001742062661151	0.001742062661151067	1.9926853037016758	all
400	8.0	7.992797440162312	1.0	ramp	4.0	0.6162966013189791	3.069627189448167	-0.9303728105518332	-0.9331364572407574	fixed_only
400	8.0	11.980153063071839	1.0	ramp	5.6	0.3005907630506927	5.595273895594457	-0.004726104405542628	2.779029712378981	all
400	8.0	7.992797440162312	1.0	ramp	5.6	0.3804792371348291	4.956166102921367	-0.6438338970786327	-0.648296032443859	fixed_only
400	8.0	11.980153063071839	2.0	step	1.2	0.8428382825050431	1.257293739959655	0.05729373995965517	0.6828214312448386	all
400	8.0	7.992797440162312	2.0	step	1.2	0.9522685663754461	0.38185146899643113	-0.8181485310035689	-0.8184923195103884	fixed_only
400	8.0	11.980153063071839	2.0	step	2.4	0.6924228995777777	2.4606168033777784	0.0606168033777783	1.2848207417540414	all
400	8.0	7.992797440162312	2.0	step	2.4	0.8348999327008116	1.3208005383935069	-1.0791994616064933	-1.0803886047204219	fixed_only
400	8.0	11.980153063071839	2.0	step	4.0	0.4968581574608524	4.025134740313181	0.025134740313180828	2.027716286054978	all
400	8.0	7.992797440162312	2.0	step	4.0	0.6234131331473873	3.0126949348209013	-0.9873050651790988	-0.990017454621692	fixed_only
400	8.0	11.980153063071839	2.0	step	5.6	0.3013802328572142	5.588958137142287	-0.01104186285771334	2.769571743258181	all
400	8.0	7.992797440162312	2.0	step	5.6	0.38510384562716315	4.919169234982695	-0.6808307650173054	-0.6852595913631399	fixed_only
400	8.0	11.980153063071839	2.0	ramp	1.2	0.8371207758397851	1.3030337932817195	0.10303379328171956	0.7513180362337636	all
400	8.0	7.992797440162312	2.0	ramp	1.2	0.9240766846381141	0.6073865228950872	-0.5926134771049127	-0.5931603193268824	fixed_only
400	8.0	11.980153063071839	2.0	ramp	2.4	0.6966031392312958	2.4271748861496336	0.02717488614963372	1.234740830864572	all
400	8.0	7.992797440162312	2.0	ramp	2.4	0.8205975189626878	1.4352198482984972	-0.9647801517015029	-0.9660723088062037	fixed_only
400	8.0	11.980153063071839	2.0	ramp	4.0	0.49952897454359635	4.003768203651229	0.0037682036512291005	1.995719488600239	all
400	8.0	7.992797440162312	2.0	ramp	4.0	0.6192807713566942	3.045753829146446	-0.9542461708535541	-0.9569883238792158	fixed_only
400	8.0	11.980153063071839	2.0	ramp	5.6	0.30263334575411643	5.578933233967069	-0.021066766032930673	2.7545592589479826	all
400	8.0	7.992797440162312	2.0	ramp	5.6	0.38360661975740806	4.9311470419407355	-0.6688529580592644	-0.6732925682640166	fixed_only
400	8.0	11.980153063071839	3.0	step	1.2	0.8348572273474432	1.3211421812204547	0.12114218122045457	0.7784356936377052	all
400	8.0	7.992797440162312	3.0	step	1.2	0.9547445771812026	0.3620433825503788	-0.8379566174496211	-0.8382825723404533	fixed_only
400	8.0	11.980153063071839	3.0	step	2.4	0.6845346685208006	2.5237226518335953	0.1237226518335953	1.379322957213504	all
400	8.0	7.992797440162312	3.0	step	2.4	0.8372102553394145	1.302317957284684	-1.097682042715316	-1.0988545455921959	fixed_only
400	8.0	11.980153063071839	3.0	step	4.0	0.49419395333226407	4.046448373341887	0.046448373341887075	2.059633859306733	all
400	8.0	7.992797440162312	3.0	step	4.0	0.6244774734849802	3.0041802121201586	-0.9958197878798416	-0.9985245113474656	fixed_only
400	8.0	11.980153063071839	3.0	step	5.6	0.3037347695653434	5.570121843477252	-0.029878156522747758	2.741364033102171	all
400	8.0	7.992797440162312	3.0	step	5.6	0.38844768224632514	4.892418542029398	-0.7075814579706013	-0.7119862001330989	fixed_only
400	8.0	11.980153063071839	3.0	ramp	1.2	0.8342421877778117	1.3260624977775066	0.1260624977775066	0.7858039618217362	all
400	8.0	7.992797440162312	3.0	ramp	1.2	0.9285364248089433	0.5717086015284538	-0.6282913984715462	-0.6288061191480749	fixed_only
400	8.0	11.980153063071839	3.0	ramp	2.4	0.6933546549400705	2.4531627604794357	0.053162760479435744	1.273658169896435	all
400	8.0	7.992797440162312	3.0	ramp	2.4	0.826684968803365	1.3865202495730804	-1.0134797504269195	-1.014728062309884	fixed_only
400	8.0	11.980153063071839	3.0	ramp	4.0	0.4997132703151031	4.002293837479176	0.002293837479175522	1.9935115970487118	all
400	8.0	7.992797440162312	3.0	ramp	4.0	0.6246430376193433	3.002855699045254	-0.9971443009547459	-0.9998478319367854	fixed_only
400	8.0	11.980153063071839	3.0	ramp	5.6	0.3062637298629743	5.549890161096206	-0.05010983890379407	2.711066701646122	all
400	8.0	7.992797440162312	3.0	ramp	5.6	0.38913290906334125	4.88693672749327	-0.7130632725067306	-0.7174630792820761	fixed_only
400	8.0	11.980153063071839	5.0	step	1.2	0.815339466395847	1.4772842688332242	0.27728426883322416	1.0122614572862743	all
400	8.0	7.992797440162312	5.0	step	1.2	0.9614666551873692	0.30826675850104657	-0.8917332414989534	-0.8920107802207127	fixed_only
400	8.0	11.980153063071839	5.0	step	2.4	0.6672016048949985	2.6623871608400123	0.26238716084001223	1.5869757125025763	all
400	8.0	7.992797440162312	5.0	step	2.4	0.8444993687479774	1.244005050016181	-1.155994949983819	-1.1571149525852098	fixed_only
400	8.0	11.980153063071839	5.0	step	4.0	0.49032567652098497	4.077394587832121	0.07739458783212058	2.10597640759619	all
400	8.0	7.992797440162312	5.0	step	4.0	0.6296806835158588	2.9625545318731294	-1.0374454681268708	-1.0401127151628993	fixed_only
400	8.0	11.980153063071839	5.0	step	5.6	0.31230922980749565	5.501526161540035	-0.09847383845996546	2.6386406869679626	all
400	8.0	7.992797440162312	5.0	step	5.6	0.4004635458874871	4.796291632900103	-0.803708367099897	-0.8080265642855176	fixed_only
400	8.0	11.980153063071839	5.0	ramp	1.2	0.8292871670841477	1.365702663326818	0.16570266332681796	0.8451658681625185	all
400	8.0	7.992797440162312	5.0	ramp	1.2	0.941295606883181	0.4696351449345517	-0.7303648550654483	-0.7307876769696073	fixed_only
400	8.0	11.980153063071839	5.0	ramp	2.4	0.6880556250691233	2.4955549994470134	0.09555499944701352	1.3371413588361725	all
400	8.0	7.992797440162312	5.0	ramp	2.4	0.8459535462052018	1.2323716303583856	-1.1676283696416143	-1.168737898442855	fixed_only
400	8.0	11.980153063071839	5.0	ramp	4.0	0.503193452181908	3.9744523825447358	-0.025547617455264345	1.9518184855970606	all
400	8.0	7.992797440162312	5.0	ramp	4.0	0.6428286107220773	2.8573711142233815	-1.1426288857766185	-1.1452014340802026	fixed_only
400	8.0	11.980153063071839	5.0	ramp	5.6	0.31852195642752346	5.451824348579812	-0.14817565142018793	2.5642112711210086	all
400	8.0	7.992797440162312	5.0	ramp	5.6	0.4078694383296138	4.73704449336309	-0.8629555066369101	-0.8672203624390648	fixed_only
