Delta_Myr	f	c	y_cM	D	fold
0.25	0.5	1.0	0.0	0.34708	1.0745510835913312
0.25	0.5	1.0	0.001	0.34246	1.060247678018576
0.25	0.5	1.0	0.01	0.32854	1.0171517027863777
0.25	0.5	1.0	0.05	0.32568	1.008297213622291
0.25	0.5	1.0	0.1	0.32334	1.0010526315789474
0.25	0.5	1.0	0.3	0.32358	1.001795665634675
0.25	0.5	1.0	1.0	0.32492	1.0059442724458203
0.25	0.5	1.0	3.0	0.32076	0.9930650154798761
0.25	0.5	1.0	10.0	0.32308	1.0002476780185758
0.25	0.5	0.1	0.0	0.3482	1.0780185758513932
0.25	0.5	0.1	0.001	0.34568	1.0702167182662539
0.25	0.5	0.1	0.01	0.34296	1.0617956656346748
0.25	0.5	0.1	0.05	0.33878	1.0488544891640867
0.25	0.5	0.1	0.1	0.33272	1.030092879256966
0.25	0.5	0.1	0.3	0.3268	1.011764705882353
0.25	0.5	0.1	1.0	0.3204	0.9919504643962849
0.25	0.5	0.1	3.0	0.32136	0.9949226006191949
0.25	0.5	0.1	10.0	0.32514	1.006625386996904
0.25	0.5	0.01	0.0	0.34678	1.0736222910216717
0.25	0.5	0.01	0.001	0.35142	1.0879876160990711
0.25	0.5	0.01	0.01	0.34476	1.0673684210526315
0.25	0.5	0.01	0.05	0.34912	1.0808668730650155
0.25	0.5	0.01	0.1	0.34424	1.0657585139318886
0.25	0.5	0.01	0.3	0.34054	1.0543034055727554
0.25	0.5	0.01	1.0	0.33222	1.0285448916408668
0.25	0.5	0.01	3.0	0.32462	1.005015479876161
0.25	0.5	0.01	10.0	0.32838	1.016656346749226
0.25	0.5	0.001	0.0	0.34122	1.0564086687306502
0.25	0.5	0.001	0.001	0.34602	1.0712693498452013
0.25	0.5	0.001	0.01	0.34524	1.0688544891640865
0.25	0.5	0.001	0.05	0.35082	1.0861300309597524
0.25	0.5	0.001	0.1	0.34564	1.070092879256966
0.25	0.5	0.001	0.3	0.34884	1.0799999999999998
0.25	0.5	0.001	1.0	0.3441	1.0653250773993808
0.25	0.5	0.001	3.0	0.34132	1.0567182662538699
0.25	0.5	0.001	10.0	0.33238	1.0290402476780185
0.5	0.5	1.0	0.0	0.37406	1.158080495356037
0.5	0.5	1.0	0.001	0.36508	1.1302786377708978
0.5	0.5	1.0	0.01	0.33368	1.0330650154798762
0.5	0.5	1.0	0.05	0.32626	1.010092879256966
0.5	0.5	1.0	0.1	0.32648	1.0107739938080496
0.5	0.5	1.0	0.3	0.32254	0.9985758513931888
0.5	0.5	1.0	1.0	0.32122	0.9944891640866873
0.5	0.5	1.0	3.0	0.32338	1.0011764705882353
0.5	0.5	1.0	10.0	0.32304	1.000123839009288
0.5	0.5	0.1	0.0	0.37178	1.1510216718266253
0.5	0.5	0.1	0.001	0.3704	1.146749226006192
0.5	0.5	0.1	0.01	0.36328	1.1247058823529412
0.5	0.5	0.1	0.05	0.34548	1.0695975232198143
0.5	0.5	0.1	0.1	0.33666	1.0422910216718266
0.5	0.5	0.1	0.3	0.32874	1.0177708978328173
0.5	0.5	0.1	1.0	0.32734	1.01343653250774
0.5	0.5	0.1	3.0	0.32864	1.0174613003095974
0.5	0.5	0.1	10.0	0.32652	1.0108978328173375
0.5	0.5	0.01	0.0	0.37024	1.1462538699690403
0.5	0.5	0.01	0.001	0.37484	1.1604953560371516
0.5	0.5	0.01	0.01	0.37072	1.1477399380804953
0.5	0.5	0.01	0.05	0.36614	1.133560371517028
0.5	0.5	0.01	0.1	0.36602	1.1331888544891642
0.5	0.5	0.01	0.3	0.35508	1.0993188854489164
0.5	0.5	0.01	1.0	0.33476	1.0364086687306502
0.5	0.5	0.01	3.0	0.32928	1.0194427244582043
0.5	0.5	0.01	10.0	0.32054	0.9923839009287925
0.5	0.5	0.001	0.0	0.37278	1.1541176470588235
0.5	0.5	0.001	0.001	0.37318	1.1553560371517029
0.5	0.5	0.001	0.01	0.37454	1.159566563467492
0.5	0.5	0.001	0.05	0.37216	1.1521981424148606
0.5	0.5	0.001	0.1	0.36864	1.1413003095975232
0.5	0.5	0.001	0.3	0.36842	1.1406191950464397
0.5	0.5	0.001	1.0	0.36106	1.1178328173374612
0.5	0.5	0.001	3.0	0.35068	1.0856965944272445
0.5	0.5	0.001	10.0	0.33744	1.0447058823529412
1.0	0.5	1.0	0.0	0.42638	1.320061919504644
1.0	0.5	1.0	0.001	0.39756	1.2308359133126936
1.0	0.5	1.0	0.01	0.33366	1.033003095975232
1.0	0.5	1.0	0.05	0.32544	1.0075541795665635
1.0	0.5	1.0	0.1	0.3264	1.0105263157894737
1.0	0.5	1.0	0.3	0.32416	1.0035913312693499
1.0	0.5	1.0	1.0	0.32358	1.001795665634675
1.0	0.5	1.0	3.0	0.32298	0.9999380804953559
1.0	0.5	1.0	10.0	0.31992	0.9904643962848296
1.0	0.5	0.1	0.0	0.4242	1.313312693498452
1.0	0.5	0.1	0.001	0.42598	1.3188235294117647
1.0	0.5	0.1	0.01	0.39582	1.2254489164086688
1.0	0.5	0.1	0.05	0.3501	1.0839009287925696
1.0	0.5	0.1	0.1	0.33896	1.0494117647058823
1.0	0.5	0.1	0.3	0.3275	1.0139318885448916
1.0	0.5	0.1	1.0	0.32234	0.9979566563467492
1.0	0.5	0.1	3.0	0.32482	1.0056346749226006
1.0	0.5	0.1	10.0	0.32742	1.0136842105263157
1.0	0.5	0.01	0.0	0.42688	1.321609907120743
1.0	0.5	0.01	0.001	0.42392	1.3124458204334366
1.0	0.5	0.01	0.01	0.4254	1.3170278637770898
1.0	0.5	0.01	0.05	0.40856	1.264891640866873
1.0	0.5	0.01	0.1	0.39758	1.2308978328173374
1.0	0.5	0.01	0.3	0.364	1.1269349845201238
1.0	0.5	0.01	1.0	0.33946	1.0509597523219814
1.0	0.5	0.01	3.0	0.32518	1.006749226006192
1.0	0.5	0.01	10.0	0.3257	1.0083591331269348
1.0	0.5	0.001	0.0	0.42814	1.3255108359133128
1.0	0.5	0.001	0.001	0.42136	1.3045201238390094
1.0	0.5	0.001	0.01	0.42648	1.3203715170278638
1.0	0.5	0.001	0.05	0.42316	1.310092879256966
1.0	0.5	0.001	0.1	0.42494	1.3156037151702786
1.0	0.5	0.001	0.3	0.417	1.2910216718266252
1.0	0.5	0.001	1.0	0.39192	1.213374613003096
1.0	0.5	0.001	3.0	0.36318	1.1243962848297213
1.0	0.5	0.001	10.0	0.33622	1.0409287925696595
2.0	0.5	1.0	0.0	0.5675	1.7569659442724457
2.0	0.5	1.0	0.001	0.45004	1.3933126934984519
2.0	0.5	1.0	0.01	0.34024	1.0533746130030959
2.0	0.5	1.0	0.05	0.32704	1.0125077399380804
2.0	0.5	1.0	0.1	0.32388	1.0027244582043344
2.0	0.5	1.0	0.3	0.32376	1.0023529411764704
2.0	0.5	1.0	1.0	0.32446	1.0045201238390093
2.0	0.5	1.0	3.0	0.32586	1.0088544891640867
2.0	0.5	1.0	10.0	0.32554	1.0078637770897831
2.0	0.5	0.1	0.0	0.56564	1.7512074303405574
2.0	0.5	0.1	0.001	0.54434	1.685263157894737
2.0	0.5	0.1	0.01	0.4532	1.403095975232198
2.0	0.5	0.1	0.05	0.35632	1.1031578947368421
2.0	0.5	0.1	0.1	0.33654	1.0419195046439629
2.0	0.5	0.1	0.3	0.33432	1.0350464396284829
2.0	0.5	0.1	1.0	0.32128	0.9946749226006192
2.0	0.5	0.1	3.0	0.3245	1.0046439628482973
2.0	0.5	0.1	10.0	0.32512	1.0065634674922601
2.0	0.5	0.01	0.0	0.56212	1.7403095975232197
2.0	0.5	0.01	0.001	0.56254	1.7416099071207432
2.0	0.5	0.01	0.01	0.54496	1.6871826625386996
2.0	0.5	0.01	0.05	0.4933	1.5272445820433436
2.0	0.5	0.01	0.1	0.44848	1.3884829721362228
2.0	0.5	0.01	0.3	0.37618	1.1646439628482972
2.0	0.5	0.01	1.0	0.34216	1.0593188854489164
2.0	0.5	0.01	3.0	0.32766	1.0144272445820433
2.0	0.5	0.01	10.0	0.32224	0.9976470588235294
2.0	0.5	0.001	0.0	0.56294	1.7428482972136223
2.0	0.5	0.001	0.001	0.56436	1.7472445820433435
2.0	0.5	0.001	0.01	0.56146	1.738266253869969
2.0	0.5	0.001	0.05	0.55952	1.7322600619195045
2.0	0.5	0.001	0.1	0.54874	1.6988854489164087
2.0	0.5	0.001	0.3	0.51682	1.6000619195046437
2.0	0.5	0.001	1.0	0.44828	1.3878637770897833
2.0	0.5	0.001	3.0	0.37978	1.1757894736842105
2.0	0.5	0.001	10.0	0.34238	1.06
3.0	0.5	1.0	0.0	0.66744	2.066377708978328
3.0	0.5	1.0	0.001	0.44462	1.3765325077399382
3.0	0.5	1.0	0.01	0.30606	0.9475541795665634
3.0	0.5	1.0	0.05	0.2945	0.9117647058823528
3.0	0.5	1.0	0.1	0.28976	0.8970897832817337
3.0	0.5	1.0	0.3	0.29114	0.9013622291021672
3.0	0.5	1.0	1.0	0.28734	0.8895975232198141
3.0	0.5	1.0	3.0	0.29086	0.9004953560371517
3.0	0.5	1.0	10.0	0.2882	0.8922600619195047
3.0	0.5	0.1	0.0	0.66208	2.0497832817337462
3.0	0.5	0.1	0.001	0.62996	1.9503405572755417
3.0	0.5	0.1	0.01	0.44696	1.3837770897832817
3.0	0.5	0.1	0.05	0.3251	1.006501547987616
3.0	0.5	0.1	0.1	0.30468	0.94328173374613
3.0	0.5	0.1	0.3	0.29776	0.9218575851393189
3.0	0.5	0.1	1.0	0.29358	0.9089164086687307
3.0	0.5	0.1	3.0	0.29024	0.8985758513931889
3.0	0.5	0.1	10.0	0.2909	0.9006191950464396
3.0	0.5	0.01	0.0	0.66882	2.0706501547987615
3.0	0.5	0.01	0.001	0.6609	2.0461300309597523
3.0	0.5	0.01	0.01	0.62964	1.9493498452012383
3.0	0.5	0.01	0.05	0.5192	1.6074303405572754
3.0	0.5	0.01	0.1	0.44432	1.3756037151702787
3.0	0.5	0.01	0.3	0.35132	1.0876780185758514
3.0	0.5	0.01	1.0	0.30972	0.9588854489164086
3.0	0.5	0.01	3.0	0.29536	0.9144272445820434
3.0	0.5	0.01	10.0	0.28838	0.8928173374613003
3.0	0.5	0.001	0.0	0.6671	2.0653250773993808
3.0	0.5	0.001	0.001	0.66448	2.0572136222910213
3.0	0.5	0.001	0.01	0.66186	2.0491021671826624
3.0	0.5	0.001	0.05	0.64476	1.9961609907120743
3.0	0.5	0.001	0.1	0.6293	1.948297213622291
3.0	0.5	0.001	0.3	0.56382	1.7455727554179565
3.0	0.5	0.001	1.0	0.44266	1.3704643962848297
3.0	0.5	0.001	3.0	0.35518	1.0996284829721361
3.0	0.5	0.001	10.0	0.30954	0.958328173374613
