N0	B0	bottleneck_at_N0	size_frac	kind	T_off_N0	T_hat_N0	bias_N0
300	0.5	none	1.0	step	5.6	5.609836556752273	0.009836556752273585
300	0.5	none	1.0	ramp	5.6	5.6078589174956495	0.007858917495649773
300	0.5	1.8	0.2	step	5.6	5.388651261500868	-0.21134873849913144
300	0.5	1.8	0.2	ramp	5.6	5.386605169421907	-0.21339483057809275
300	0.5	1.8	0.1	step	5.6	5.195768842795976	-0.4042311572040239
300	0.5	1.8	0.1	ramp	5.6	5.193663057119809	-0.4063369428801904
300	0.5	1.8	0.05	step	5.6	4.9880523215719865	-0.6119476784280133
300	0.5	1.8	0.05	ramp	5.6	4.9858822514137815	-0.6141177485862189
300	0.5	5.6	0.2	step	5.6	5.26388912488986	-0.33611087511014
300	0.5	5.6	0.2	ramp	5.6	5.3838676654645825	-0.21613233453541777
300	0.5	5.6	0.1	step	5.6	4.954882985063946	-0.6451170149360533
300	0.5	5.6	0.1	ramp	5.6	5.183383272011741	-0.416616727988259
300	0.5	5.6	0.05	step	5.6	4.620398194089147	-0.9796018059108527
300	0.5	5.6	0.05	ramp	5.6	4.965448139860642	-0.6345518601393587
300	0.5	8.0	0.2	step	5.6	5.734272407040235	0.13427240704023538
300	0.5	8.0	0.2	ramp	5.6	5.694946494290857	0.09494649429085712
300	0.5	8.0	0.1	step	5.6	5.8477772076615375	0.24777720766153757
300	0.5	8.0	0.1	ramp	5.6	5.774969843380423	0.17496984338042315
300	0.5	8.0	0.05	step	5.6	5.976834065507148	0.3768340655071484
300	0.5	8.0	0.05	ramp	5.6	5.867547061945797	0.26754706194579664
300	1.0	none	1.0	step	5.6	5.632378080929612	0.032378080929611315
300	1.0	none	1.0	ramp	5.6	5.62264000180154	0.02264000180153971
300	1.0	1.8	0.2	step	5.6	5.412180324071117	-0.18781967592888274
300	1.0	1.8	0.2	ramp	5.6	5.402105493922424	-0.1978945060775762
300	1.0	1.8	0.1	step	5.6	5.2185821113859205	-0.38141788861407955
300	1.0	1.8	0.1	ramp	5.6	5.208211209212537	-0.39178879078746226
300	1.0	1.8	0.05	step	5.6	5.008975837049989	-0.5910241629500115
300	1.0	1.8	0.05	ramp	5.6	4.99828438153482	-0.6017156184651806
300	1.0	5.6	0.2	step	5.6	5.292128510763682	-0.30787148923631774
300	1.0	5.6	0.2	ramp	5.6	5.403254247064176	-0.19674575293582394
300	1.0	5.6	0.1	step	5.6	4.985432348470307	-0.6145676515296926
300	1.0	5.6	0.1	ramp	5.6	5.204280129370757	-0.39571987062924335
300	1.0	5.6	0.05	step	5.6	4.651521106450884	-0.9484788935491156
300	1.0	5.6	0.05	ramp	5.6	4.986288763476028	-0.613711236523972
300	1.0	8.0	0.2	step	5.6	5.752707731953177	0.15270773195317738
300	1.0	8.0	0.2	ramp	5.6	5.70710980853225	0.1071098085322501
300	1.0	8.0	0.1	step	5.6	5.861432621856163	0.26143262185616245
300	1.0	8.0	0.1	ramp	5.6	5.783491761945784	0.1834917619457845
300	1.0	8.0	0.05	step	5.6	5.985141037847069	0.38514103784706927
300	1.0	8.0	0.05	ramp	5.6	5.871753408740378	0.2717534087403783
