unit	lin	bin	y	v
F2a	human	0	0.37693655701623385	0.001123879796016889
F2a	human	1	0.3747827936309356	0.0011350741272587073
F2a	human	2	0.3589372957586543	0.00047513082945449536
F2a	human	3	0.0688176084733938	0.00019163917436292182
F2b	human	0	0.1934972431909676	0.0008890512773230394
F2b	human	1	0.18470906403142104	0.000728756248916025
F2b	human	2	0.0492235355819253	0.00025326518579638514
F2b	human	3	0.14998921339511792	0.00017663867298729763
chr10p	human	0	0.3757805065732631	0.0007611597270487142
chr10p	human	1	0.22148718471371265	0.0007524967676811427
chr10p	human	2	0.03520519407346728	0.0002740173633559841
chr10p	human	3	0.1626507523022623	0.00017960860466273524
chr10p	human	4	0.29477800000456544	0.00017052350950760842
chr10p	human	5	0.18840369902515106	0.00017125069871476187
chr10p	human	6	0.15065762163748234	0.0001878410251140056
chr10q	human	0	0.5384334917846902	0.0010275014689834635
chr10q	human	1	0.5249443611543757	0.000777159354160303
chr10q	human	2	0.22107609138763715	0.0002833191833628324
chr10q	human	3	0.24486954281986378	0.00017684340525749194
chr10q	human	4	0.183104143466489	0.00019653936257697742
chr10q	human	5	0.09788236729145763	0.00020497679207094404
chr10q	human	6	0.05990362537999053	0.000196528265216188
chr11p	human	0	0.666665736037716	0.0011107059903851348
chr11p	human	1	0.5381882626889088	0.0008044111618113321
chr11p	human	2	0.400756063938535	0.0002778009906405737
chr11p	human	3	0.29263655773769914	0.00019668159797950113
chr11p	human	4	0.19901921282785576	0.00020293889959599706
chr11p	human	5	0.041219106135588296	0.00020262567527402182
chr11p	human	6	0.01597833584343697	0.00016092280823920725
chr11q	human	0	0.3714377386321417	0.0008455069543559174
chr11q	human	1	0.29079676235963137	0.0008054597470655865
chr11q	human	2	0.2640322812939355	0.0002878277848070785
chr11q	human	3	0.15243883749725967	0.0001805665314845127
chr11q	human	4	0.16630056811304936	0.00019966022974192557
chr11q	human	5	0.17240850741366878	0.0002083067728026376
chr11q	human	6	-0.002878514057856857	0.0002037069212007898
chr12p	human	0	0.39585947051450915	0.0010023139690658871
chr12p	human	1	0.38235664180219686	0.0008976240491880328
chr12p	human	2	0.4106141926547364	0.0003022770337825719
chr12p	human	3	0.19435203675587515	0.00020441886550403833
chr12p	human	4	0.10899034051605458	0.00019579235868813277
chr12p	human	5	0.06502699198634196	0.00018205230160344733
chr12p	human	6	0.11274488538315122	0.00018403734922481238
chr12q	human	0	0.3808888214927203	0.0009353468514211464
chr12q	human	1	0.43094216724594825	0.0008085100848342173
chr12q	human	2	0.39421663646342897	0.00028034999487596
chr12q	human	3	0.22123627978534738	0.00018301388864691676
chr12q	human	4	0.15897416970395772	0.00022498874487260096
chr12q	human	5	0.24290900459626819	0.00020345515324073673
chr12q	human	6	0.09426418120406946	0.00024973470462638333
chr13q	human	0	0.529451904112934	0.0009146128848507315
chr13q	human	1	0.49793546177997694	0.0008428911790780143
chr13q	human	2	0.3609982983259038	0.00029563114164358236
chr13q	human	3	0.08785866777541693	0.00016979139006387755
chr13q	human	4	0.15550450849884753	0.00018899003092720588
chr13q	human	5	0.08739483065442283	0.00020422356272150688
chr13q	human	6	-0.04986042411089478	0.00017523091578747197
chr14q	human	0	0.17061321403330473	0.0010265493590530922
chr14q	human	1	0.6085773710171869	0.0008180284463763591
chr14q	human	2	0.35613730815951716	0.0003357010869183371
chr14q	human	3	0.14960663355607887	0.00019243368958350645
chr14q	human	4	0.1870818559978013	0.0001951900373958287
chr14q	human	5	0.1264831487065372	0.0002082287460626037
chr14q	human	6	-0.07289176912665654	0.00017586682207398058
chr15q	human	0	0.5691071656169715	0.0008724768658729861
chr15q	human	1	0.4015719891234492	0.0007637472754649698
chr15q	human	2	0.326542555537199	0.0002937338654714123
chr15q	human	3	0.3161723407261018	0.0001765332956090042
chr15q	human	4	0.3095646824035181	0.00018662130322968375
chr15q	human	5	0.14005742576619923	0.0002210267145152885
chr15q	human	6	0.18573820488634427	0.00019868414141089457
chr16p	human	0	0.6509164489176472	0.0007985884821414379
chr16p	human	1	0.6230051627387772	0.0008049533599601246
chr16p	human	2	0.48639308204649645	0.0003269265471901799
chr16p	human	3	0.2675214235816942	0.00013131962573640997
chr16p	human	4	0.23563680409279747	0.00017735462141943182
chr16p	human	5	0.25710115635239317	0.00023255919823093738
chr16p	human	6	0.15445479196318485	0.00023737887748732754
chr16q	human	0	0.6434127034003481	0.00089777386504706
chr16q	human	1	0.6246403164371289	0.0007447210240953421
chr16q	human	2	0.5999256787336769	0.00025485303778406156
chr16q	human	3	0.41996116496583047	0.00013846405598982918
chr16q	human	4	0.17879987950070045	0.000146658472883053
chr16q	human	5	0.19064836392778062	0.00023099200713614382
chr16q	human	6	0.1478010844256733	0.00022527802916494854
chr17p	human	0	0.6162054481771898	0.00075792347928705
chr17p	human	1	0.5567282870638427	0.000872630840145302
chr17p	human	2	0.3645499445096593	0.00030633881552123493
chr17p	human	3	0.31805148795043103	0.00020727402597881336
chr17p	human	4	0.19114272502572624	0.00018593433072012854
chr17p	human	5	0.26171595550235743	0.0002698276863415145
chr17p	human	6	0.21111957470087075	0.00027691682671140505
chr17q	human	0	0.5387017477374968	0.0012056197436437588
chr17q	human	1	0.539381617755011	0.0009626956032961956
chr17q	human	2	0.4948953486966067	0.00029275013650013654
chr17q	human	3	0.34923788976420356	0.0001903575857022868
chr17q	human	4	0.15858842792430614	0.0001919164575365864
chr17q	human	5	0.19185818490077325	0.00021448965133400092
chr17q	human	6	0.11060314436028337	0.0002536771565742408
chr18p	human	0	0.6708517240764977	0.0012016829853328615
chr18p	human	1	0.30481891147632545	0.0008811894684031398
chr18p	human	2	0.4331342836437001	0.0003038063247771937
chr18p	human	3	0.2526166163742848	0.00018748937897798327
chr18p	human	4	0.22030248916950776	0.00021833061354754337
chr18p	human	5	0.04847595467316551	0.01096588719954951
chr18p	human	6	0.13502916677909468	0.0002828878895781368
chr18q	human	0	0.5111199130465817	0.0009460555445956906
chr18q	human	1	0.16993458076038614	0.000867677656812667
chr18q	human	2	0.1864915687739439	0.0002840614720783681
chr18q	human	3	0.09636270391125681	0.00017241344423063194
chr18q	human	4	-0.014810449646623286	0.0001717237404475721
chr18q	human	5	0.04772645919264959	0.0001818193906844968
chr18q	human	6	0.10565257611472018	0.0001997097592194818
chr19p	human	0	0.668606024757428	0.0009778896364672038
chr19p	human	1	0.5856182859748171	0.0008287394766136003
chr19p	human	2	0.47516878429396947	0.0002939236373864302
chr19p	human	3	0.29460789584062863	0.00019319974035462143
chr19p	human	4	0.21125324638020646	0.00021916508302116368
chr19p	human	5	0.19887379404749722	0.00022399547807252842
chr19p	human	6	-0.03952206288435137	0.00017409017736503697
chr19q	human	0	0.12144012729034173	0.0011898163596568126
chr19q	human	1	0.26159114141968787	0.0010373410974814248
chr19q	human	2	0.42162573310599816	0.00027818624939942064
chr19q	human	3	0.32756160350001584	0.00019068443734157882
chr19q	human	4	0.24426690240383567	0.00023495446161616928
chr19q	human	5	0.17072724272419515	0.00017901693082766565
chr19q	human	6	0.15695402450418544	0.00023243995861539632
chr1p	human	0	0.6643903052752622	0.0012200748640020243
chr1p	human	1	0.5493730858258474	0.001042346479989419
chr1p	human	2	0.29515374721228943	0.0002860003386361796
chr1p	human	3	0.2583182862560904	0.00021304353973676684
chr1p	human	4	0.3100111056870744	0.00019343530164976305
chr1p	human	5	0.21597260091437037	0.00022683501733742977
chr1p	human	6	0.21637010723474673	0.0002213560792395305
chr1q	human	0	0.10450239527832614	0.0008918817167166534
chr1q	human	1	0.2637398778683161	0.0008533597792923645
chr1q	human	2	0.38998735263772144	0.0003113516874242145
chr1q	human	3	0.23205776601232161	0.000185697883075505
chr1q	human	4	0.2693247224844666	0.00019572954392969155
chr1q	human	5	0.13560103877376464	0.00019725231086193412
chr1q	human	6	0.11865271130936719	0.0002301824632984904
chr20p	human	0	0.6473357727542485	0.0010770762890500649
chr20p	human	1	0.45694385071615307	0.0008654439441826378
chr20p	human	2	0.4311639989818598	0.0003266572757964105
chr20p	human	3	0.14727565625231023	0.0001867192342171897
chr20p	human	4	0.05526420910349075	0.00019758291006954887
chr20p	human	5	0.09628703852913184	0.00018417452164208204
chr20p	human	6	-0.0689014068798722	0.00017866602687760364
chr20q	human	0	0.5959735218842751	0.0010392292903275485
chr20q	human	1	0.6034417612764328	0.0008775279618346446
chr20q	human	2	0.3319512855496773	0.0002818363191456635
chr20q	human	3	0.26943853533688034	0.0001814269511061805
chr20q	human	4	0.2509892884893248	0.00019573383707398187
chr20q	human	5	0.1735888301889722	0.00021021745274924338
chr20q	human	6	0.15455571551246491	0.00019753524161451918
chr21q	human	0	0.47336989543935715	0.0009815605151745745
chr21q	human	1	0.48726538424065924	0.000849542134534988
chr21q	human	2	0.4572791385443181	0.00029127001494558735
chr21q	human	3	0.20984656746149158	0.000185877119069939
chr21q	human	4	0.21098930921680187	0.00020304962792621158
chr21q	human	5	0.09842955827806318	0.00019814237580478318
chr21q	human	6	0.1014717354646775	0.00035221452186938516
chr22q	human	0	0.606403968525483	0.0010261462160368337
chr22q	human	1	0.3516984309365112	0.0007440346657978662
chr22q	human	2	0.4012835713065229	0.0002716570806760444
chr22q	human	3	0.31503200134423354	0.0002035207676375326
chr22q	human	4	0.2675752507013427	0.00020512930290386445
chr22q	human	5	0.1458456765924201	0.00018181585963304757
chr22q	human	6	0.16882367243080504	0.00021885079364419348
chr2p	human	0	0.23171261651060265	0.0009535041389018273
chr2p	human	1	0.23571670138700385	0.0007776054441398547
chr2p	human	2	0.15499920340736584	0.000272851074772253
chr2p	human	3	0.10100480420901578	0.00017799124684867216
chr2p	human	4	0.1590787737230729	0.00017943303658539677
chr2p	human	5	0.0979410175751623	0.00019608799940496128
chr2p	human	6	0.10336354871814166	0.00019493859927745315
chr2q	human	0	0.5643503833468998	0.0011199610938317308
chr2q	human	1	0.44272895340209495	0.0008535348095185416
chr2q	human	2	0.3372338847326115	0.00028086748106748757
chr2q	human	3	0.2409013004315413	0.00018463529248520408
chr2q	human	4	0.10177685134345998	0.00019317197408960085
chr2q	human	5	-0.08865400467061388	0.00019963884493998032
chr2q	human	6	0.08787382298652083	0.00019937544411570974
chr3p	human	0	0.34392288940764837	0.0007253863934129376
chr3p	human	1	0.26430861219715607	0.0007156655223951819
chr3p	human	2	0.4038506213178126	0.00026489864129627353
chr3p	human	3	0.3421330283110834	0.00016458798165388877
chr3p	human	4	0.3061697543707984	0.000203395241484402
chr3p	human	5	0.0620239474100904	0.0002200432831528964
chr3p	human	6	0.20194961771313322	0.00018472464579140255
chr3q	human	0	0.4359399511236123	0.0010645580551649917
chr3q	human	1	0.3849360972886494	0.0009884596461057723
chr3q	human	2	0.38134887204167345	0.0003023673763845844
chr3q	human	3	0.14892234896184306	0.00018097455303908234
chr3q	human	4	0.18575463592145167	0.0002003071594872113
chr3q	human	5	0.009017070218718337	0.00021188118570612238
chr3q	human	6	0.04404534302477062	0.00018248125382779883
chr4p	human	0	0.25562219179091916	0.001090252390909565
chr4p	human	1	0.44047215543315077	0.0008824645933712951
chr4p	human	2	0.3604054834456084	0.000272376477580663
chr4p	human	3	0.4804658708394972	0.0001583862910152471
chr4p	human	4	-0.00039213704684193385	0.0001567283274301899
chr4p	human	5	-0.035725733679719734	0.00019542098416893764
chr4p	human	6	0.008701551643857497	0.0001837634001811445
chr4q	human	0	0.26769067893768883	0.0009149440731666646
chr4q	human	1	0.13576490116839432	0.0007831142983223156
chr4q	human	2	0.2537309160087199	0.0002750983492061552
chr4q	human	3	0.34375545820110975	0.0001754110279197118
chr4q	human	4	0.0003811290833450054	0.00016689701639081134
chr4q	human	5	-0.07209028384045377	0.0001839915708293494
chr4q	human	6	-0.00617526155461437	0.00019014255676091322
chr5p	human	0	0.5879209865369113	0.0006963361875373335
chr5p	human	1	0.5580202245507393	0.000807806476881532
chr5p	human	2	0.1174888991793836	0.00026092366368336167
chr5p	human	3	0.07743497628334337	0.00016662533511516104
chr5p	human	4	0.09936342359785785	0.00019053004650715507
chr5p	human	5	0.0029838685542935006	0.00017701254016549606
chr5p	human	6	-0.12303441647299582	0.00018263933550384813
chr5q	human	0	0.4955615038363289	0.0010366994172563001
chr5q	human	1	0.44850697366495873	0.0009386672440859633
chr5q	human	2	0.4384635311066131	0.00031685910264234597
chr5q	human	3	0.2894116370149662	0.0001968098044254475
chr5q	human	4	0.23539081754131705	0.0002020815756404799
chr5q	human	5	0.04361151891354173	0.00016669656914584447
chr5q	human	6	-0.027137904471676272	0.00019297778124929642
chr6p	human	0	0.4507437336479462	0.0008611918094676715
chr6p	human	1	0.46698831047863687	0.0008791818226303685
chr6p	human	2	0.31417965568558387	0.00029817580011354234
chr6p	human	3	0.23199150014010697	0.0001865990272081921
chr6p	human	4	0.1681760261834667	0.00019213492692277194
chr6p	human	5	0.1117678851284079	0.0001997952462884367
chr6p	human	6	0.16868985278233165	0.0001874754261395505
chr6q	human	0	0.40643837425492857	0.0010226574816492517
chr6q	human	1	0.2213112679741107	0.0009580210344957518
chr6q	human	2	0.3840923188304573	0.0002800145520397047
chr6q	human	3	0.19649428603402827	0.00017578994249466457
chr6q	human	4	0.15447230775414447	0.00019634228942136693
chr6q	human	5	0.09106263699562009	0.00018801399020390233
chr6q	human	6	0.14617073170948755	0.00019588911611688475
chr7p	human	0	0.6338901222720333	0.0009085469489341551
chr7p	human	1	0.567300853486108	0.0008294837748024584
chr7p	human	2	0.36599542710702826	0.00024928211522501256
chr7p	human	3	0.343692677809053	0.0001717523965746044
chr7p	human	4	0.23049024106285312	0.00017440025231505978
chr7p	human	5	0.20741400336262142	0.00017151854810163684
chr7p	human	6	0.25043605842540817	0.00018454945617166075
chr7q	human	0	0.2345879075905457	0.0009074367430391801
chr7q	human	1	0.460763391252401	0.0008128039527664048
chr7q	human	2	0.3015786705324186	0.0002892257021844409
chr7q	human	3	0.2830588663646008	0.0001952836086732157
chr7q	human	4	0.047312892669065104	0.00016707330242254437
chr7q	human	5	0.08880038524318859	0.00020342066962281109
chr7q	human	6	0.16533689298675328	0.00019976626549195463
chr8p	human	0	0.46698328846023157	0.0006672177546354274
chr8p	human	1	0.5409325169165187	0.0006113383471874037
chr8p	human	2	0.2209962655120126	0.0001575726404869305
chr8p	human	3	0.3209233392237294	0.00012961565653748272
chr8p	human	4	0.21835723062851845	0.00018677921526717587
chr8p	human	5	0.26014391401731185	0.00014078932581918952
chr8p	human	6	0.19391801762698505	0.00017108177029948832
chr8q	human	0	0.44807077869530054	0.0010158523998933123
chr8q	human	1	0.5837712302851071	0.0009055180054675259
chr8q	human	2	0.3407101452604786	0.00028786732794440614
chr8q	human	3	0.10042521868135706	0.00016675381410056716
chr8q	human	4	0.02777106366117707	0.00017982042780047026
chr8q	human	5	0.01656019287335231	0.00018132021386810363
chr8q	human	6	0.039559050446907856	0.0001987587746118583
chr9p	human	0	0.7062005652125974	0.0008253187731414925
chr9p	human	1	0.4194578001317738	0.0007745736896692245
chr9p	human	2	0.5807988030982202	0.0002860639641218686
chr9p	human	3	0.23683810873788239	0.0001842377513915576
chr9p	human	4	0.16392425561786114	0.0001807060790607262
chr9p	human	5	0.2752382352675299	0.00018528829946261267
chr9p	human	6	0.17621824653580384	0.00017132954654990897
chr9q	human	0	0.4962443564433977	0.001245458863893809
chr9q	human	1	0.5512964345826786	0.0009714482381450784
chr9q	human	2	0.524754133797237	0.0002836018726839013
chr9q	human	3	0.3705047929935389	0.00020157676951591754
chr9q	human	4	0.19570058895633033	0.00023607604699970225
chr9q	human	5	0.053609613034582865	0.00020247689624793927
chr9q	human	6	-0.0300484309894912	0.00019382327074634768
F2a	pan	0	0.2541668137742613	0.012483549539387103
F2a	pan	3	0.7657245439070508	0.031071779744346117
F2a	pan	4	0.4449480833844095	0.0001924724185746307
F2a	pan	5	0.22812534600075418	0.00020397835141107882
F2a	pan	6	0.2587498874413868	0.006397174254317111
F2b	pan	4	0.5284815137073393	0.001334208120733248
F2b	pan	5	0.3133539321438358	0.00014318450891022028
F2b	pan	6	0.29688486495072414	0.00021594231467814303
chr10p	pan	4	0.2601750392256374	0.0003603331760539401
chr10p	pan	5	0.13758283955440234	0.00015597439727662912
chr10p	pan	6	0.1131365851690374	0.00018951579361977527
chr10q	pan	0	0.6268576784003527	0.0016130795095826824
chr10q	pan	1	0.6367418036774078	0.0008519764885359178
chr10q	pan	2	0.34977935053691034	0.0002730242131869355
chr10q	pan	3	0.2904496877423232	0.00017022499445807195
chr10q	pan	4	0.19974572694468481	0.00018887605757259398
chr10q	pan	5	0.06293846056239	0.00020337606107176078
chr10q	pan	6	0.06701069385611849	0.00019558528643272202
chr11p	pan	2	0.6745442277770737	0.0015956265956265955
chr11p	pan	3	0.41261869877197344	0.00017610591955049643
chr11p	pan	4	0.281783173860923	0.00020108649191239033
chr11p	pan	5	0.12187822707805351	0.00019742106994449245
chr11p	pan	6	0.10518605623988708	0.0001876273035872695
chr11q	pan	0	0.42325915091074395	0.0008409566429668238
chr11q	pan	1	0.45430775894438025	0.0008151128843723772
chr11q	pan	2	0.31685946379679825	0.00027669808794881503
chr11q	pan	3	0.23285553261491082	0.00018461329300681247
chr11q	pan	4	0.2617206638907173	0.00019523103235869052
chr11q	pan	5	0.1560618104018449	0.00021006678874586237
chr11q	pan	6	-0.022696288461547753	0.0002055492929892218
chr12p	pan	3	0.47178021229342104	0.00033456155649540784
chr12p	pan	4	0.3577141724047751	0.00018827171539365133
chr12p	pan	5	0.15791520549063798	0.00019958280992452763
chr12p	pan	6	0.044558647093307646	0.00018490406057736214
chr12q	pan	0	0.44207740815154467	0.0011018537334326808
chr12q	pan	1	0.575103093319502	0.0008296764734696084
chr12q	pan	2	0.5131558061606976	0.00026177477863567535
chr12q	pan	3	0.3319016981953011	0.00017917740174305254
chr12q	pan	4	0.15644246677275883	0.00022721279348931507
chr12q	pan	5	0.27184210587743485	0.00019610180829995582
chr12q	pan	6	0.10344707755245672	0.0002489105709943762
chr13q	pan	0	0.5962083466998329	0.001176866910515289
chr13q	pan	1	0.6143835421092114	0.0009583318970508037
chr13q	pan	2	0.4157023433598873	0.0002876492669576096
chr13q	pan	3	0.18231045115466155	0.00016450042351533973
chr13q	pan	4	0.1746388010648373	0.00018248974781053467
chr13q	pan	5	0.13147365729317528	0.0002019842587990069
chr13q	pan	6	0.018650217342971898	0.00016437241736797208
chr14q	pan	0	0.19641738042666593	0.0010383949472621556
chr14q	pan	1	0.5780042586186505	0.0008789051947831429
chr14q	pan	2	0.4742194741658434	0.0003382811903255003
chr14q	pan	3	0.2434404294508976	0.00018879917492933381
chr14q	pan	4	0.1867927320500872	0.0001869977373803811
chr14q	pan	5	0.19021578418413487	0.00019658873840262668
chr14q	pan	6	-0.061401119851845154	0.000174627685499101
chr15q	pan	0	0.7296355510776938	0.0008576083264353108
chr15q	pan	1	0.5335533262276503	0.0007428256390911992
chr15q	pan	2	0.4261720918803947	0.00029592917035167255
chr15q	pan	3	0.29064466630263297	0.0001716578912768158
chr15q	pan	4	0.25505636560006173	0.00019153366532081008
chr15q	pan	5	0.12370149680916709	0.00021055889906060896
chr15q	pan	6	0.16772247989123293	0.0002016407914685372
chr16p	pan	2	0.5800064164785131	0.0003653912437084529
chr16p	pan	3	0.21110495229200726	0.0001537452260983583
chr16p	pan	4	0.2190976761625738	0.00016621109535993364
chr16p	pan	5	0.17098189569650696	0.00020936258103129973
chr16p	pan	6	0.1657133455316143	0.00023754836875431639
chr16q	pan	3	0.4922505378324829	0.0002039946756985816
chr16q	pan	4	0.34193552741294686	0.00014083381551983651
chr16q	pan	5	0.06486388433302323	0.00014652087175698894
chr16q	pan	6	0.1574379024470617	0.0002008578764025685
chr17p	pan	4	0.474520531466763	0.00019073167662427942
chr17p	pan	5	0.4047859328052398	0.0002988467119606306
chr17q	pan	2	0.6396113016600684	0.0004818432972609934
chr17q	pan	3	0.49598795558193937	0.00019918342749884307
chr17q	pan	4	0.26102859197601525	0.0001929996003466589
chr17q	pan	5	0.16531745097715345	0.00019563460814028556
chr17q	pan	6	0.1074254008403352	0.0002286887645795744
chr18p	pan	4	-0.187486381113307	0.004261504261504262
chr18p	pan	5	0.20123001052349637	0.00027794503841906685
chr18p	pan	6	0.12173652326562054	0.00018602787116444057
chr18q	pan	0	0.5661548809819229	0.0013290242153078998
chr18q	pan	1	0.4298179674424104	0.0010904063936517721
chr18q	pan	2	0.3816401247442811	0.000280557581074948
chr18q	pan	3	0.16821111838942954	0.000163825988218434
chr18q	pan	4	0.04565680403050926	0.00016089183438105348
chr18q	pan	5	0.044767397759025274	0.00017440247853686458
chr18q	pan	6	0.0964532373111372	0.00019336553497564368
chr19p	pan	2	0.5663985588101204	0.0003406287583958477
chr19p	pan	3	0.44379535702122974	0.00018212597044358516
chr19p	pan	4	0.21536843370535902	0.00021855115925252088
chr19p	pan	5	0.21773657766011398	0.0002019165408913352
chr19p	pan	6	0.170662365965498	0.00019526664133869207
chr19q	pan	3	0.333854409879611	0.0002963386179953252
chr19q	pan	4	0.3990482862824019	0.00016359341919576243
chr19q	pan	5	0.21747539411092737	0.00022991534216460234
chr19q	pan	6	0.1392119256134162	0.00018697749347899276
chr1p	pan	0	0.7132978365173862	0.0010657852625377755
chr1p	pan	1	0.6438747011416712	0.0009706873521548204
chr1p	pan	2	0.35102998851631034	0.00027167316197656974
chr1p	pan	3	0.32909509094369027	0.0002141110074078332
chr1p	pan	4	0.33346304138975064	0.00022446353775168947
chr1p	pan	5	0.2604804333836294	0.00021183720703636352
chr1p	pan	6	0.19116005189982052	0.0002170602202499359
chr1q	pan	0	0.13731044855547903	0.0009532168019698188
chr1q	pan	1	0.2809000269461868	0.0009107834552181699
chr1q	pan	2	0.5522211605113578	0.0003004242061173433
chr1q	pan	3	0.2555260516002278	0.00018117697748199198
chr1q	pan	4	0.2778820557962378	0.00018490996452773158
chr1q	pan	5	0.17713514749901244	0.0001919702861208229
chr1q	pan	6	0.07453265626059585	0.00023500301228249115
chr20p	pan	3	0.5962303414929482	0.00029803144457302166
chr20p	pan	4	0.3463967295801579	0.00017866959868059374
chr20p	pan	5	0.10335341404882037	0.00018648031141041735
chr20p	pan	6	0.09633880886330287	0.00018599513155428092
chr20q	pan	3	0.6405473657440974	0.00037049992772063614
chr20q	pan	4	0.30098196981934344	0.00018316137478070754
chr20q	pan	5	0.2158099142004245	0.00017252122914560204
chr20q	pan	6	0.22033383635724418	0.00020179421470579477
chr21q	pan	2	0.4457976257088987	0.001080340203285169
chr21q	pan	3	0.4446153891203818	0.00017399657046079518
chr21q	pan	4	0.2660620827863471	0.00018453573140641275
chr21q	pan	5	0.22180820162049447	0.00020214865213862436
chr21q	pan	6	0.11723139829316448	0.0001889945010197193
chr22q	pan	3	0.4514550861335067	0.00025308778291624115
chr22q	pan	4	0.41270958891522896	0.00018223717032136804
chr22q	pan	5	0.193832364945665	0.00022813533465816806
chr22q	pan	6	0.25518028889475525	0.0001698362185384194
chr2p	pan	0	0.1858638257609034	0.0009709099718603828
chr2p	pan	1	0.2457492610359678	0.0007331882231641654
chr2p	pan	2	0.19205283936853007	0.0002669290703262856
chr2p	pan	3	0.1726391640568813	0.0001668964050474653
chr2p	pan	4	0.19848481049269695	0.00017305273675153997
chr2p	pan	5	0.07977853901363999	0.00018250531017115408
chr2p	pan	6	0.11684671009495756	0.0001966484059305465
chr2q	pan	0	0.5720819134178811	0.0010574840261676952
chr2q	pan	1	0.556235566914341	0.000868366932108951
chr2q	pan	2	0.45559295375617626	0.0002945372354079142
chr2q	pan	3	0.3104712616936658	0.0001778577406773808
chr2q	pan	4	0.16232224963283381	0.00018211252499985116
chr2q	pan	5	0.05893081492002966	0.00019232243807488486
chr2q	pan	6	0.10751657935272399	0.0002011980304672166
chr3p	pan	2	0.34812766407728535	0.000793615640583794
chr3p	pan	3	0.4132611728745704	0.00015658025135450047
chr3p	pan	4	0.32443461769440884	0.00016603275224511357
chr3p	pan	5	0.24087913219897375	0.00021213557397767926
chr3p	pan	6	0.08755848617886952	0.0002103651749467297
chr3q	pan	0	0.552736796853413	0.0014816325764321985
chr3q	pan	1	0.6991266866435418	0.0009768532146557502
chr3q	pan	2	0.4876778796552169	0.0002895934275254648
chr3q	pan	3	0.24556515860108752	0.00018122135414424905
chr3q	pan	4	0.234448483633562	0.0001999097971818529
chr3q	pan	5	0.062245308932397214	0.00020191953984817008
chr3q	pan	6	0.09471950089777437	0.0001755406474777658
chr4p	pan	0	0.1514453822612163	0.001755115798167756
chr4p	pan	1	0.478687017897518	0.0009900999800118361
chr4p	pan	2	0.43323421979325816	0.0003256144999362261
chr4p	pan	3	0.39846399651491937	0.00017403794557080144
chr4p	pan	4	0.00918152198970687	0.0001592339122249711
chr4p	pan	5	0.011429214132489623	0.00018767035529773597
chr4p	pan	6	0.006924497019995368	0.000167394494543761
chr4q	pan	0	0.14412398718684954	0.0007779108660245146
chr4q	pan	1	0.1492978776181011	0.0008053752613805938
chr4q	pan	2	0.4077168024268585	0.00028206638896028095
chr4q	pan	3	0.42394896765666984	0.0001706305391973002
chr4q	pan	4	0.01108570225698774	0.0001584619509071372
chr4q	pan	5	-0.016952015916835594	0.00018492836498920553
chr4q	pan	6	0.02382411770262144	0.0001894421114464454
chr5p	pan	0	0.34893752147503587	0.003124758145654361
chr5p	pan	1	0.603471730885986	0.0008502866401579411
chr5p	pan	2	0.30570834770899913	0.00024920563605687905
chr5p	pan	3	0.13499039680396568	0.00016237418652343538
chr5p	pan	4	0.11003844255947787	0.0001757362947404341
chr5p	pan	5	0.09091768936035638	0.0002062269334447501
chr5q	pan	0	0.5403690675939103	0.000986211022884521
chr5q	pan	1	0.7461227226922206	0.0009101561664512541
chr5q	pan	2	0.555789196131076	0.0003225490563810112
chr5q	pan	3	0.3348508793969798	0.0001858416455349433
chr5q	pan	4	0.18878914167093586	0.00018761655575336213
chr5q	pan	5	0.007064294110729175	0.00016389638131353407
chr5q	pan	6	0.011010554339395184	0.00019822609263575003
chr6p	pan	3	0.41228099240048227	0.0002191450604902682
chr6p	pan	4	0.30839381465389515	0.00017987294228242806
chr6p	pan	5	0.18608284581675028	0.0001890399072887674
chr6p	pan	6	0.1447154270725288	0.00020072338663079575
chr6q	pan	0	0.5881899473018537	0.002774794128177587
chr6q	pan	1	0.34019407915499006	0.0008637876796695773
chr6q	pan	2	0.440483976659944	0.0002739990463282797
chr6q	pan	3	0.28162402257720104	0.000172940522238715
chr6q	pan	4	0.21202305627091494	0.00018818311871540228
chr6q	pan	5	0.15989130454685152	0.00018438896714035425
chr6q	pan	6	0.12412921294817186	0.000185714467932205
chr7p	pan	3	0.4712270659307558	0.000193103847023454
chr7p	pan	4	0.2834805063148056	0.00016706221444430047
chr7p	pan	5	0.13883719734640138	0.000164711849969613
chr7p	pan	6	0.15945755770106113	0.0001710242198352336
chr7q	pan	0	0.4337880803850642	0.0010062493897080363
chr7q	pan	1	0.4955319206101172	0.0008667941269611078
chr7q	pan	2	0.3909169601201059	0.00028798159249347814
chr7q	pan	3	0.35202748277603857	0.00019878506553667425
chr7q	pan	4	0.16301238021679249	0.00015951597406819827
chr7q	pan	5	0.1328141928044252	0.00018246347765703586
chr7q	pan	6	0.13089369659644873	0.00019109561246331337
chr8p	pan	0	0.09988833650332091	0.0015855612204496586
chr8p	pan	3	0.22528629088092242	0.0002450324185188792
chr8p	pan	4	0.0813909878793238	0.00010212934165577489
chr8p	pan	5	0.2153452058173511	0.00021820994936111568
chr8p	pan	6	0.07176573735561431	0.00017305037327229833
chr8q	pan	0	0.5394987602570233	0.001345519451579888
chr8q	pan	1	0.6455215165200632	0.0009451602366994506
chr8q	pan	2	0.4239269444251128	0.0002832560705031794
chr8q	pan	3	0.1242454520644406	0.00016353600306814268
chr8q	pan	4	0.06959419071520348	0.0001706321373457139
chr8q	pan	5	0.08326002323677481	0.00017225557902397735
chr8q	pan	6	0.04958576709509288	0.00019135887666940328
chr9p	pan	2	0.6607582455399437	0.0004250605937646196
chr9p	pan	3	0.4182888956704064	0.0001701728343514547
chr9p	pan	4	0.17601470238802308	0.00014761094217173167
chr9p	pan	5	0.2530838235881499	0.00017451468113341949
chr9p	pan	6	0.11487896854974555	0.00017300700306647834
chr9q	pan	0	0.530849126139546	0.0014437214748579566
chr9q	pan	1	0.6267412229004578	0.001002863528601346
chr9q	pan	2	0.5218821036688381	0.0002747967355888964
chr9q	pan	3	0.3860513256427829	0.0002027164515097367
chr9q	pan	4	0.1696159726279754	0.00022742859356938516
chr9q	pan	5	0.1550631064313572	0.0001968898114455567
chr9q	pan	6	0.020706709321586275	0.0001877135407137149
F2a	gorilla	2	-0.15961159551811724	0.03571428571428571
F2b	gorilla	2	-0.07526588197759457	0.012438574938574939
F2b	gorilla	5	0.2971102822189241	0.00014188327049636902
F2b	gorilla	6	0.19762359473554145	0.00014922714831401194
chr10p	gorilla	3	0.2829790531307177	0.0005823333881089117
chr10p	gorilla	4	0.17579792790952045	0.00013525141661319476
chr10p	gorilla	5	0.09351053724852373	0.0001402996215664199
chr10p	gorilla	6	0.2180455135775956	0.00013519590190616852
chr10q	gorilla	3	0.30468703960583576	0.00014095697316036774
chr10q	gorilla	4	0.19078283990270428	0.0001487808865302307
chr10q	gorilla	5	0.11563431747636019	0.00015865864861009033
chr10q	gorilla	6	0.06999152244903883	0.0001556451236675004
chr11p	gorilla	3	0.4117383806093188	0.00022811528794445765
chr11p	gorilla	4	0.22929133256129633	0.0001724629687396225
chr11p	gorilla	5	0.12305861513356384	0.00014557261046567227
chr11p	gorilla	6	0.0140317504537818	0.00017270309401142935
chr11q	gorilla	2	0.4207616035811921	0.012635920509936258
chr11q	gorilla	3	0.32314627563934567	0.0001381740876167669
chr11q	gorilla	4	0.1580140300868956	0.00015278351560040035
chr11q	gorilla	5	0.13712200235876418	0.00015955385535660862
chr11q	gorilla	6	0.10107071019036201	0.00015897839749383878
chr12p	gorilla	3	0.10522302164452191	0.003620910924281711
chr12p	gorilla	5	0.37958157465558273	0.0001744725310475091
chr12p	gorilla	6	0.20436034349061716	0.00017409015875884137
chr12q	gorilla	3	0.4073113712636165	0.00015859408970186943
chr12q	gorilla	4	0.21159304805899656	0.0001457804411519072
chr12q	gorilla	5	0.12114925935575807	0.00016750291915328464
chr12q	gorilla	6	0.11859611501226305	0.00015749079794343044
chr13q	gorilla	2	0.47119056066592513	0.0003729225703104936
chr13q	gorilla	3	0.27057761397952806	0.00015038916530823215
chr13q	gorilla	4	0.10921660524907553	0.00014180245209015186
chr13q	gorilla	5	0.16473371300658382	0.00015632911796698327
chr13q	gorilla	6	0.030139923441374755	0.00015448560574186275
chr14q	gorilla	3	0.3960983258589982	0.0004731892058079573
chr14q	gorilla	4	0.30692768157878647	0.00015792129015541762
chr14q	gorilla	5	0.11011784545532874	0.0001442803198161768
chr14q	gorilla	6	0.12599316049565695	0.00015833951074870273
chr15q	gorilla	2	0.3668868270393506	0.007449221569233942
chr15q	gorilla	3	0.3629627625484768	0.00014428629099674166
chr15q	gorilla	4	0.21227583270417436	0.00014614157372184385
chr15q	gorilla	5	0.179890897744532	0.00014248390792249337
chr15q	gorilla	6	0.09103139662360676	0.0001668982422511432
chr16p	gorilla	2	0.49066542873188446	0.0005216965842023179
chr16p	gorilla	3	0.2307281737380283	0.00013492863712860062
chr16p	gorilla	4	0.055347626377843934	0.0001211043685778237
chr16p	gorilla	5	0.16727324989055678	0.00018131117411564283
chr16p	gorilla	6	0.10572498299080269	0.00020735891908785193
chr16q	gorilla	4	0.3624230901096352	0.00016034251102499267
chr16q	gorilla	5	0.21333824108301158	0.00012661965699617832
chr16q	gorilla	6	0.0222612630704018	0.00011942502663398494
chr17p	gorilla	5	0.37508681025452906	0.00015853657815404176
chr17p	gorilla	6	0.21298278655820224	0.000182109643828325
chr17q	gorilla	3	0.4742141931077677	0.0006252900001519396
chr17q	gorilla	4	0.37527085051313713	0.0001523910816778261
chr17q	gorilla	5	0.21233077491701724	0.00016036084990517593
chr17q	gorilla	6	0.10515504923575683	0.00015477359902703715
chr18q	gorilla	3	0.3683856771889077	0.00019146748350473044
chr18q	gorilla	4	0.17530191374042456	0.00014362398544743769
chr18q	gorilla	5	0.0203503537921709	0.00014508285655989836
chr18q	gorilla	6	0.050579227704854596	0.00014852243995513526
chr19p	gorilla	3	0.4096028206254907	0.0001865123803105155
chr19p	gorilla	4	0.23369482310791342	0.00016944189827265102
chr19p	gorilla	5	0.1043413549769112	0.00017260805092628886
chr19p	gorilla	6	0.152977847387194	0.00017931860900872928
chr19q	gorilla	3	0.1717954677773247	0.0025985632862298067
chr19q	gorilla	4	0.23609629960379458	0.00016368817965573373
chr19q	gorilla	5	0.2394073864813352	0.0001647404915064288
chr19q	gorilla	6	0.14675919401272475	0.00019597188497627623
chr1p	gorilla	2	0.6266621321943318	0.000508818991018205
chr1p	gorilla	3	0.31585076780052335	0.00016113494231566322
chr1p	gorilla	4	0.19145257088481724	0.00016683998390489767
chr1p	gorilla	5	0.20205293739359434	0.00017982074346326206
chr1p	gorilla	6	0.13430088311661348	0.00018053226782276848
chr1q	gorilla	3	0.2175122749273843	0.00017664650565096484
chr1q	gorilla	4	0.21197362626402164	0.00017978552155317734
chr1q	gorilla	5	0.18894263276964127	0.00019025232154783834
chr1q	gorilla	6	0.1471896804468025	0.0001525648945411029
chr20p	gorilla	4	0.43963241468466785	0.00016476925626133083
chr20p	gorilla	5	0.15932017363001286	0.00015602900098836512
chr20p	gorilla	6	0.042828705723893606	0.00015286890990216166
chr20q	gorilla	3	0.49701733132325043	0.0003573278375203484
chr20q	gorilla	4	0.21595358249483165	0.00014715076425445635
chr20q	gorilla	5	0.15539435679875516	0.00014197453230740395
chr20q	gorilla	6	0.11937238366351213	0.00016265162848751917
chr21q	gorilla	4	0.355660022518305	0.0001902264696370552
chr21q	gorilla	5	0.1937563861654485	0.00014724406025036068
chr21q	gorilla	6	0.15078511344572668	0.00016210125168642406
chr22q	gorilla	3	0.35371776390421905	0.00019107331047450965
chr22q	gorilla	4	0.21618335938696248	0.00015203859070078794
chr22q	gorilla	5	0.1755796288315664	0.00016991476461078247
chr22q	gorilla	6	0.13748213391465966	0.0001284113609509139
chr2p	gorilla	3	0.21638891553145126	0.00017842689899727368
chr2p	gorilla	4	0.11545571552718095	0.00013495985883618664
chr2p	gorilla	5	0.21336098335915973	0.00015513690024791522
chr2p	gorilla	6	0.051871741093791696	0.00014506019587010092
chr2q	gorilla	3	0.3708212755399628	0.0001673476249747436
chr2q	gorilla	4	0.2195242312857492	0.00014279336258562117
chr2q	gorilla	5	0.12400029169131993	0.00015441982266626816
chr2q	gorilla	6	0.021377710166953806	0.0001528007961780145
chr3p	gorilla	3	0.5411807446742714	0.002627501276753795
chr3p	gorilla	4	0.33691101468860074	0.00013291882432371553
chr3p	gorilla	5	0.248906899728403	0.00013412431631926237
chr3p	gorilla	6	0.1829514019031418	0.00015859232168625003
chr3q	gorilla	2	0.22898509577467216	0.0019122753676529421
chr3q	gorilla	3	0.45615647849653307	0.00021693439945970718
chr3q	gorilla	4	0.22511872555477538	0.0001517137312641618
chr3q	gorilla	5	0.20238203804779695	0.00015755067652142835
chr3q	gorilla	6	0.10221030658169819	0.00016340254932464533
chr4p	gorilla	3	0.2410280932056837	0.0004940829270199512
chr4p	gorilla	4	0.3538348094730158	0.0001389396306004469
chr4p	gorilla	5	0.1355047589815434	0.00013254826920687423
chr4p	gorilla	6	0.03918922348893031	0.00014072798960574083
chr4q	gorilla	2	0.2232746353418679	0.0010395397290793931
chr4q	gorilla	3	0.3073295334115407	0.00014704763911283723
chr4q	gorilla	4	0.237991587912149	0.0001446661493983197
chr4q	gorilla	5	0.05218894708409025	0.0001407102438183977
chr4q	gorilla	6	-0.009877652955203792	0.00015577967054074764
chr5p	gorilla	3	0.47207724108301186	0.0006379967753269505
chr5p	gorilla	4	0.1974730014019129	0.00013267513251555388
chr5p	gorilla	5	0.08602245373299547	0.000146718415923586
chr5p	gorilla	6	0.06224720044818163	0.00016126359838003528
chr5q	gorilla	4	0.4176282582052927	0.0001736769798935035
chr5q	gorilla	5	0.2415014886933197	0.00015716609705305372
chr5q	gorilla	6	0.12369065854924788	0.00015222167995495347
chr6p	gorilla	5	0.44910227662507474	0.00035391216259955877
chr6p	gorilla	6	0.26397786462915	0.00015011826169034645
chr6q	gorilla	2	0.3258825967771318	0.0018115474037716352
chr6q	gorilla	3	0.32739747147060155	0.0001444288726091033
chr6q	gorilla	4	0.1689342511827092	0.00014989309513378855
chr6q	gorilla	5	0.1545119020445729	0.0001528305956272794
chr6q	gorilla	6	0.1581767812137911	0.00015639035268869553
chr7p	gorilla	3	0.4904673378033775	0.0002792017553715937
chr7p	gorilla	4	0.22819524090419968	0.00013085204655920532
chr7p	gorilla	5	0.13241566189996337	0.0001462562119483479
chr7p	gorilla	6	0.1529591825235991	0.00014616507327330604
chr7q	gorilla	2	0.3635557378926604	0.0003245921168351047
chr7q	gorilla	3	0.24707761865694475	0.00016185052904759147
chr7q	gorilla	4	0.23732099388852718	0.00015353160835092686
chr7q	gorilla	5	0.026305224004678635	0.00014603543421556306
chr7q	gorilla	6	0.13865553684140938	0.0001621336273645898
chr8p	gorilla	2	0.06410522154501361	0.0015860031469904713
chr8p	gorilla	3	0.12856959672721582	9.425638580153964e-05
chr8p	gorilla	4	0.12251059282264423	0.0001259881989125997
chr8p	gorilla	5	0.034752102600640794	0.00014000782679815803
chr8p	gorilla	6	0.10030027107756626	0.0001271141401095556
chr8q	gorilla	3	0.36037860649111975	0.0003234614776705669
chr8q	gorilla	4	0.23448115043393997	0.00013762870183932623
chr8q	gorilla	5	0.037833966658937374	0.00013980884130150502
chr8q	gorilla	6	0.06838816008722062	0.0001423686992577818
chr9p	gorilla	5	0.4109737836581551	0.01036522633744856
chr9q	gorilla	0	0.44823040353378185	0.0008928005451491237
chr9q	gorilla	1	0.4273998331105125	0.0009043271384152002
chr9q	gorilla	2	0.35061162059195694	0.0002447032720250532
chr9q	gorilla	3	0.23358050435965905	0.00016711848484862447
chr9q	gorilla	4	0.12879803024409284	0.00017640997385643677
chr9q	gorilla	5	0.07042737773417457	0.00016247030698736067
chr9q	gorilla	6	0.024468899090981627	0.00015436539516093208
