units	n	T_hat	T_lo	T_hi	covers0
chr10p	1	2.0	-0.3	3.6	True
chr10q	1	-0.4	-2.5	1.2	True
chr11p	1	-0.6	-2.5	1.0	True
chr11q	1	0.7	-1.5	2.5	True
chr12p	1	1.1	-1.0	2.6	True
chr12q	1	0.2	-1.7	1.8	True
chr13q	1	-0.3	-2.3	1.4	True
chr14q	1	0.3	-1.8	2.1	True
chr15q	1	-0.5	-2.4	1.0	True
chr16p	1	-2.8	-3.0	-0.8	False
chr16q	1	-1.5	-3.0	0.2	True
chr17p	1	0.9	-1.0	2.2	True
chr17q	1	0.1	-1.5	1.4	True
chr18p	1	-2.3	-3.0	0.7	True
chr18q	1	1.4	-0.8	3.2	True
chr19p	1	-1.2	-3.0	0.4	True
chr19q	1	1.6	-0.4	3.1	True
chr1p	1	-0.7	-2.4	0.8	True
chr1q	1	0.7	-1.9	2.7	True
chr20p	1	1.0	-0.8	2.3	True
chr20q	1	0.2	-1.5	1.6	True
chr21q	1	0.2	-1.8	1.7	True
chr22q	1	0.0	-2.0	1.6	True
chr2p	1	0.6	-2.8	3.2	True
chr2q	1	-0.2	-2.2	1.5	True
chr3p	1	1.4	-0.3	2.7	True
chr3q	1	0.8	-0.9	2.3	True
chr4p	1	-0.5	-3.0	1.5	True
chr4q	1	0.9	-2.1	3.2	True
chr5p	1	-0.3	-2.6	1.6	True
chr5q	1	0.3	-1.3	1.7	True
chr6p	1	1.5	-0.3	2.8	True
chr6q	1	0.6	-1.5	2.3	True
chr7p	1	-0.7	-2.8	0.9	True
chr7q	1	0.5	-1.5	2.3	True
chr8p	1	-3.0	-3.0	-1.6	False
chr8q	1	-0.2	-2.4	1.5	True
chr9p	1	-0.6	-2.6	1.0	True
chr9q	1	-1.8	-3.0	0.0	True
chr4p+chr8q	2	-0.4	-2.0	1.0	True
chr20p+chr8q	2	0.5	-0.9	1.6	True
chr11q+chr8q	2	0.2	-1.3	1.5	True
chr17p+chr2p	2	0.8	-0.8	2.0	True
chr2p+chr6p	2	1.3	-0.2	2.5	True
chr13q+chr3q	2	0.3	-1.0	1.4	True
chr21q+chr15q	2	-0.2	-1.5	1.0	True
chr11p+chr7q	2	-0.1	-1.5	1.1	True
chr19q+chr7q	2	1.1	-0.4	2.3	True
chr5p+chr9p	2	-0.5	-1.9	0.8	True
chr8p+chr18q	2	-1.5	-3.0	0.3	True
chr8q+chr22q	2	-0.1	-1.5	1.1	True
chr13q+chr22q	2	-0.1	-1.5	1.0	True
chr2p+chr17p	2	0.8	-0.8	2.0	True
chr8q+chr19p	2	-0.8	-2.2	0.4	True
chr11q+chr3p	2	1.1	-0.2	2.2	True
chr9q+chr20p	2	-0.4	-1.9	0.8	True
chr1q+chr7p	2	-0.2	-1.8	1.0	True
chr18p+chr9p	2	-1.0	-2.9	0.4	True
chr14q+chr18p	2	-0.5	-2.3	1.0	True
chr13q+chr20q	2	0.0	-1.3	1.1	True
chr2q+chr8p	2	-2.0	-3.0	-0.3	False
chr22q+chr20q	2	0.1	-1.1	1.2	True
chr16q+chr9q	2	-1.7	-3.0	-0.4	False
chr20p+chr10q	2	0.3	-1.0	1.4	True
chr12p+chr3p	2	1.3	0.0	2.3	True
chr18p+chr15q	2	-0.9	-2.6	0.4	True
chr3q+chr14q	2	0.6	-0.7	1.7	True
chr20q+chr14q	2	0.3	-1.0	1.4	True
chr1q+chr1p	2	-0.3	-1.7	0.9	True
chr9p+chr13q	2	-0.4	-1.8	0.7	True
chr15q+chr6p	2	0.4	-0.9	1.5	True
chr7q+chr12p	2	0.8	-0.6	2.0	True
chr18q+chr20q	2	0.6	-0.7	1.7	True
chr10q+chr13q	2	-0.4	-1.8	0.8	True
chr7q+chr17q	2	0.3	-1.0	1.3	True
chr11p+chr6p	2	0.4	-1.0	1.5	True
chr7p+chr16q	2	-1.2	-2.7	0.1	True
chr18p+chr17p	2	0.0	-1.9	1.3	True
chr11q+chr8q	2	0.2	-1.3	1.5	True
