T	nll
-3.0	-227.9869116722146
-2.9	-228.08678913477948
-2.8	-228.18825199122207
-2.7	-228.29132586365338
-2.6	-228.39603571505958
-2.5	-228.50240567529508
-2.4	-228.61045884298474
-2.3	-228.72021706981772
-2.2	-228.83170070682496
-2.1	-228.94492833168866
-2.0	-229.05991643427095
-1.9	-229.1766790689147
-1.8	-229.29522746856193
-1.7	-229.4155695904968
-1.6	-229.53770965912588
-1.5	-229.66164760823813
-1.4	-229.78737848588858
-1.3	-229.91489179114578
-1.2	-230.04417073989967
-1.1	-230.175191449281
-1.0	-230.30792204915412
-0.9	-230.44232169655956
-0.8	-230.5783395001383
-0.7	-230.71591334292862
-0.6	-230.85496860042917
-0.5	-230.99541674774522
-0.4	-231.1371538529838
-0.3	-231.28005895274632
-0.2	-231.4239923082992
-0.1	-231.56879354452025
0.0	-231.71427969575987
0.1	-231.86024306124327
0.2	-232.00644907666677
0.3	-232.15263398371735
0.4	-232.29850248308338
0.5	-232.44372529783863
0.6	-232.58793669494239
0.7	-232.73073198900215
0.8	-232.8716650431646
0.9	-233.01024579971525
1.0	-233.14593786547758
1.1	-233.2781561791054
1.2	-233.40626478445736
1.3	-233.5295747346657
1.4	-233.6473421544133
1.5	-233.758766405274
1.6	-233.86298853883815
1.7	-233.95908980557004
1.8	-234.04609036955108
1.9	-234.12294829612082
2.0	-234.18855842058792
2.1	-234.24175158389355
2.2	-234.28129397052268
2.3	-234.30588694432774
2.4	-234.3141668578186
2.5	-234.30470248941293
2.6	-234.27599873733573
2.7	-234.2264953905755
2.8	-234.15456685939515
2.9	-234.0585263762408
3.0	-233.93662730950774
3.1	-233.7870676358229
3.2	-233.6079960188369
3.3	-233.39752038074687
3.4	-233.1537197291575
3.5	-232.87466034475347
3.6	-232.55841670549626
3.7	-232.20309959506247
3.8	-231.80689132635584
3.9	-231.36809014134613
4.0	-230.8851640038804
4.1	-230.35681443494212
4.2	-229.78204733523992
4.3	-229.16025858199663
4.4	-228.4912979818946
4.5	-227.7755562604801
4.6	-227.0140111422181
4.7	-226.20825928003114
4.8	-225.360508128873
4.9	-224.4735301067993
5.0	-223.5505798741603
5.1	-222.5952839564567
5.2	-221.6115165508755
5.3	-220.60327680401312
5.4	-219.57458087875156
5.5	-218.52937735649564
5.6	-217.47149022329725
5.7	-216.40458876352966
5.8	-215.33218211246987
5.9	-214.25763404420377
6.0	-213.18419457779578
