pair	T_shared	T_a	T_b	LR	p_chi2	is_flank
F2a+F2b	2.4	1.3	3.8	3.9776524699400397	0.046107780628472116	True
chr3p+chr12p	0.8	0.7	1.1	0.09191935825288056	0.7617511241340735	False
chr3p+chr16p	-1.2	0.6	-2.7	5.696560932186685	0.01699818757252664	False
chr11q+chr9p	-0.4	1.0	-1.2	2.748852325236385	0.09732426415249561	False
chr13q+chr9q	-1.0	-0.1	-1.9	1.6540432933645661	0.19840950946077818	False
chr13q+chr10p	0.7	0.0	2.0	2.086366195936762	0.1486192081021551	False
chr17q+chr19p	-0.4	0.0	-0.9	0.6897357465206824	0.40625427765510724	False
chr2q+chr4p	-0.1	0.0	-0.3	0.03878352554579578	0.8438781430250489	False
chr18q+chr8q	0.7	1.6	0.0	1.2631579338765277	0.26105418219198717	False
chr19p+chr8q	-0.5	-0.9	0.0	0.4531720749014312	0.5008324231518384	False
chr8p+chr22q	-1.6	-3.0	-0.1	4.838395502593812	0.027832779777195928	False
chr19p+chr10p	0.0	-0.9	1.9	4.118398301801335	0.04241922151935265	False
chr5q+chr12p	0.9	0.7	1.1	0.08089700100981645	0.7760854833111311	False
chr20q+chr9q	-1.3	-0.7	-1.9	0.6567065099907268	0.4177250826205552	False
chr9p+chr14q	-0.6	-1.3	0.4	1.5498169909021726	0.2131624600041316	False
chr4q+chr6q	1.0	1.6	0.7	0.4162645275516752	0.5188068821042348	False
chr11q+chr3q	1.0	1.1	1.0	0.0039750907471898245	0.9497280264500696	False
chr14q+chr9p	-0.6	0.4	-1.3	1.5498239337664472	0.21316143489805367	False
chr17p+chr6q	0.7	0.7	0.6	0.0012260091566531628	0.9720682475655926	False
chr8q+chr16q	-1.5	-0.1	-2.7	3.137823234818825	0.07649583739536019	False
chr3p+chr17q	0.3	0.7	0.1	0.24800660757023252	0.6184821969063792	False
chr17p+chr2q	0.4	0.7	0.1	0.2731914370103823	0.6011989195000678	False
chr12q+chr19p	-0.3	0.5	-0.9	1.2605987761328379	0.2615377808707876	False
chr22q+chr1p	-0.3	-0.1	-0.4	0.04689400967322399	0.8285588623719122	False
chr14q+chr16q	-1.4	0.4	-2.6	4.304714402897844	0.03800687638860578	False
chr19q+chr9q	-0.4	1.6	-1.8	5.879013144663077	0.015322407389440821	False
chr2q+chr6q	0.3	0.1	0.6	0.19148308108970014	0.661685117971007	False
chr12p+chr21q	0.9	1.1	0.8	0.05359168495715494	0.8169273334285168	False
chr4q+chr7q	1.2	1.6	0.9	0.27577666896559094	0.5994827940890257	False
chr5q+chr22q	0.4	0.7	-0.1	0.4898722547320631	0.4839842942126814	False
chr16q+chr7q	-1.2	-2.6	0.8	5.840915726471394	0.01565767561215843	False
chr9q+chr7q	-0.6	-1.9	0.8	3.510632960116709	0.0609761554894783	False
chr7p+chr21q	-0.2	-1.0	0.7	1.7856631994047802	0.18145545303618554	False
chr1p+chr4q	0.1	-0.4	1.6	1.8450975041821494	0.17435466190563345	False
chr16q+chr12q	-1.2	-2.6	0.4	5.188886487858099	0.022731776594940797	False
chr18p+chr19q	0.2	-2.0	1.7	4.5716936100488965	0.03250441560575451	False
chr17q+chr11q	0.4	0.1	1.0	0.6097822158578765	0.4348698214995811	False
chr5q+chr18q	1.0	0.7	1.6	0.486060611401399	0.4856898579184038	False
chr3q+chr15q	0.3	0.9	-0.2	1.0217077159563814	0.3121142763548916	False
chr20p+chr16q	-1.2	0.4	-2.6	5.255617564501108	0.021876036775548304	False
chr18p+chr14q	-0.4	-2.1	0.5	1.8669776908916447	0.171821630076449	False
chr15q+chr19q	0.5	-0.2	1.7	2.288698434127582	0.1303191662373438	False
chr3p+chr4p	0.3	0.7	-0.2	0.39142345799541545	0.5315521193330122	False
chr4p+chr2q	-0.1	-0.3	0.0	0.038785171019299014	0.8438748737549988	False
chr13q+chr9p	-0.7	-0.1	-1.3	0.8432985136823845	0.35845509516243546	False
chr5p+chr18q	0.8	0.2	1.6	1.0013391914951626	0.3169866795606272	False
chr8q+chr1q	0.5	0.0	1.1	0.5639756686316559	0.4526628057653932	False
chr7p+chr2p	-0.4	-1.0	1.3	1.8193276336355666	0.17739333120463607	False
chr19p+chr12p	-0.2	-0.9	1.0	2.0817735425355295	0.14906688824415523	False
chr16q+chr19p	-1.8	-2.7	-1.0	1.48313035335741	0.22328539103768638	False
chr1q+chr2p	1.2	1.1	1.3	0.013316325882215096	0.9081309434493215	False
chr10q+chr16p	-1.8	-0.6	-2.8	2.1240463004583034	0.1450030119140948	False
chr10q+chr16q	-1.8	-0.6	-2.7	1.988824117323702	0.15846388254021607	False
chr3q+chr8q	0.5	1.0	0.0	0.5464667128501333	0.4597649980492585	False
chr6q+chr12q	0.6	0.7	0.5	0.009309851338002773	0.9231333448535491	False
chr11p+chr11q	-0.1	-1.0	1.0	2.118869904104031	0.14549386542480777	False
chr3q+chr2p	1.1	1.0	1.3	0.05170136985361751	0.8201287743091055	False
chr12q+chr9p	-0.4	0.5	-1.3	1.8572575689127007	0.172941650070324	False
chr6p+chr15q	0.9	2.3	-0.2	4.933040374218081	0.02634792154569271	False
chr14q+chr6q	0.6	0.5	0.6	0.009777040006838433	0.9212344095413094	False
chr18p+chr19q	0.2	-2.0	1.7	4.5716936100488965	0.03250441560575451	False
