first_Mb	reference	side	T_raw	null_median	null_sd	T_debiased	T_emp_lo	T_emp_hi	pct_of_flank_in_null
2	within_human	2a	1.1679720726441873	-0.2382100104757594	1.7031052018325739	1.4061820831199467	-2.3748298071329046	3.4521101110094765	0.717948717948718
2	within_human	2b	3.5015669721990106	-0.2382100104757594	1.7031052018325739	3.73977698267477	-0.04123490757808135	5.7857050105643	0.9487179487179487
2	within_human	both	2.3243071621517926	-0.03855377042006691	1.2265897551255487	2.3628609325718593	-0.20167209993259272	4.372601239842144	0.9545
2	panstem+chimp	2a	1.8630526561652	0.5551016500625408	20.599664588502126	1.3079510061026594	-0.23727702180979948	13.605933629432217	0.9487179487179487
2	panstem+chimp	2b	3.6451999911548647	0.5551016500625408	20.599664588502126	3.090098341092324	1.5448703131798651	15.388080964421881	1.0
2	panstem+chimp	both	2.7695955661462026	0.477371429158185	1.8080461589087429	2.2922241369880174	1.1517065207408377	7.245545678369493	1.0
2	panstem+bonobo	2a	1.9422895742497508	0.5443425326964462	10.610087782234853	1.3979470415533046	-0.0939480832723254	9.875522809480813	0.9487179487179487
2	panstem+bonobo	2b	3.1852697792257727	0.5443425326964462	10.610087782234853	2.6409272465293263	1.1490321217036965	11.118503014456834	1.0
2	panstem+bonobo	both	2.490026934785425	0.47763122374068967	1.458278794736702	2.0123957110447352	0.7999436569803287	6.394693308987316	1.0
5	within_human	2a	0.5268361569807867	-0.013194852306187332	1.5270735846010466	0.540031009286974	-2.797062184908019	3.1959151361644755	0.6410256410256411
5	within_human	2b	4.428275613135795	-0.013194852306187332	1.5270735846010466	4.4414704654419825	1.1043772712469893	7.097354592319483	1.0
5	within_human	both	2.6430820379402293	-0.029448697607411978	1.1266067828541741	2.6725307355476415	0.3141848761470136	4.786718027161207	0.9875
5	panstem+chimp	2a	1.5555467760421902	0.6368709032047746	4.904785388505522	0.9186758728374156	-0.11352893494076621	10.784683000915786	0.9230769230769231
5	panstem+chimp	2b	4.18077200042539	0.6368709032047746	4.904785388505522	3.543901097220615	2.5116962894424333	13.409908225298985	1.0
5	panstem+chimp	both	2.793858792380999	0.566511874464803	1.3884539206701363	2.227346917916196	1.2596452248821932	6.3275288990091045	1.0
5	panstem+bonobo	2a	1.5716961378763858	0.7565899347940999	5.154097853920702	0.815106203082286	-0.17867930346751115	11.657894399197145	0.8717948717948718
5	panstem+bonobo	2b	3.721210729221961	0.7565899347940999	5.154097853920702	2.9646207944278613	1.9708352878780642	13.807408990542722	1.0
5	panstem+bonobo	both	2.452041558752975	0.6413322417577996	1.482682631006233	1.8107093169951753	0.8304820977751635	6.121832349011528	1.0
10	within_human	2a	2.2625734010071303	0.08377018885491294	1.5266211555837055	2.1788032121522174	-1.045988307495262	4.54012736718166	0.8974358974358975
10	within_human	2b	3.5203850528363545	0.08377018885491294	1.5266211555837055	3.4366148639814416	0.2118233443339621	5.797939019010885	1.0
10	within_human	both	2.9371189954293726	0.010736746241196027	1.128335428928386	2.9263822491881766	0.7125952804039013	5.032350330581439	0.9955
10	panstem+chimp	2a	2.424577947462203	0.6932928651077332	3.6262768234064433	1.7312850823544699	0.5459131797507419	10.314308013632129	1.0
10	panstem+chimp	2b	3.543411172920182	0.6932928651077332	3.6262768234064433	2.8501183078124486	1.6647464052087209	11.433141239090107	1.0
10	panstem+chimp	both	3.022748273858029	0.6477853876239448	1.2109081995908009	2.3749628862340844	1.4056990089723305	5.95513860214526	1.0
10	panstem+bonobo	2a	2.404023540225386	0.7511626897938153	3.6039464398932295	1.6528608504315705	0.5971912394646535	10.990989630898824	1.0
10	panstem+bonobo	2b	3.207142277251224	0.7511626897938153	3.6039464398932295	2.4559795874574086	1.4003099764904916	11.794108367924663	1.0
10	panstem+bonobo	both	2.8087390131157384	0.5877774579516023	1.3656333298718153	2.220961555164136	1.2537447372427657	5.871114967686067	1.0
