first_Mb	reference	n_ends	Te_median	Te_mean	Te_sd	Te_q025	Te_q975	pair_median	pair_sd	pair_q025	pair_q975
2	within_human	39	-0.2382100104757594	0.06847749711402323	1.7253689598692987	-2.284138038365289	3.542801879777092	-0.03855377042006691	1.2265897551255487	-2.048294077690351	2.5259792620843853
2	panstem+chimp	39	0.5551016500625408	-3.032682519074234	20.868952679186492	-11.742880973267017	2.1003296779749996	0.477371429158185	1.8080461589087429	-4.47595011222329	1.617889045405365
2	panstem+bonobo	39	0.5443425326964462	-1.3119023120244488	10.748787627011271	-7.933233235231062	2.036237657522076	0.47763122374068967	1.458278794736702	-3.904666374201891	1.6900832778050963
5	within_human	39	-0.013194852306187332	0.06047420793555182	1.547036178077509	-2.669078979183689	3.3238983418888055	-0.029448697607411978	1.1266067828541741	-2.1436359892209778	2.3288971617932157
5	panstem+chimp	39	0.6368709032047746	-0.4058654169366962	4.968902951527613	-9.229136224873596	1.6690757109829564	0.566511874464803	1.3884539206701363	-3.5336701066281053	1.534213567498806
5	panstem+bonobo	39	0.7565899347940999	-0.4202715947020265	5.221474541745871	-10.08619826132076	1.750375441343897	0.6413322417577996	1.482682631006233	-3.6697907902585527	1.6215594609778115
10	within_human	39	0.08377018885491294	0.0796144084441334	1.5465778347043428	-2.27755396617453	3.3085617085023924	0.010736746241196027	1.128335428928386	-2.0952313351520657	2.2245237150254713
10	panstem+chimp	39	0.6932928651077332	-0.15491275598398457	3.673681146805628	-7.889730066169925	1.8786647677114612	0.6477853876239448	1.2109081995908009	-2.9323903282872306	1.6170492648856987
10	panstem+bonobo	39	0.7511626897938153	-0.19236269939553935	3.651058850464674	-8.586966090673439	1.8068323007607323	0.5877774579516023	1.3656333298718153	-3.062375954570329	1.5549942758729727
