Mb	side	n_win	flank_excess	ends_excess	frac	n_subs
0	2a	9	0.3419428359062856	0.47990220217296703	0.7125260821017072	3379
0	2b	9	0.18429301730290043	0.47990220217296703	0.3840220287976034	4657
1	2a	10	0.4057839880859502	0.43936692656892556	0.9235651651223978	3800
1	2b	10	0.17942556993441583	0.43936692656892556	0.408372954549797	5877
2	2a	10	0.5206240065648944	0.3834797712536714	1.3576309510743456	3363
2	2b	10	0.1154080103814687	0.3834797712536714	0.30094940863289094	5600
3	2a	5	0.3002767788378612	0.3821805241419899	0.7856935659188657	1238
3	2b	10	-0.07180922356419828	0.3821805241419899	-0.1878934666422701	5646
4	2a	10	0.3245418707724147	0.3392619718130673	0.9566114027988869	4292
4	2b	10	0.08805963066717029	0.3392619718130673	0.25956233820303026	4955
5	2a	10	0.03740199354909329	0.28322182752197417	0.13205900786792785	4231
5	2b	10	0.13536672907726188	0.28322182752197417	0.477953024530778	5005
6	2a	10	0.015485740551127752	0.2575684592385765	0.06012281393811445	4393
6	2b	10	0.34631796821819594	0.2575684592385765	1.3445666804156866	4324
7	2a	10	0.29511098943642006	0.2558230897677301	1.1535744865889968	3951
7	2b	10	0.37758734960640683	0.2558230897677301	1.4759705621147425	4313
8	2a	10	0.07592647049062301	0.23562200339444275	0.3222384556484667	4559
8	2b	10	0.10579026355195856	0.23562200339444275	0.44898295586962006	4239
9	2a	10	-0.07273924177485636	0.2135566843836758	-0.3406085929119085	4706
9	2b	10	-0.1944890290521517	0.2135566843836758	-0.9107138444926071	5072
10	2a	10	-0.022299846274938	0.19962334187195196	-0.11170961304335941	4806
10	2b	10	-0.019005635395280773	0.19962334187195196	-0.09520748033299585	4734
11	2a	10	0.039681664249428844	0.19512478376097991	0.2033655770659933	4652
11	2b	10	-0.209396753619349	0.19512478376097991	-1.0731427837268057	4668
12	2a	10	0.18473214877703212	0.18162094418391722	1.0171302082317355	4082
12	2b	10	-0.03605948499884254	0.18162094418391722	-0.1985425478370333	4727
13	2a	10	0.14627998842978268	0.16904035593329234	0.8653554213261863	4159
13	2b	10	0.20936305468255875	0.16904035593329234	1.2385388892885365	4128
14	2a	10	0.11481404010304322	0.17696305077453328	0.6488023324672818	3583
14	2b	10	0.21389232510255357	0.17696305077453328	1.208683531202632	3926
15	2a	9	0.14882374740896628	0.1500134257607063	0.9920695208065061	3391
15	2b	10	-0.011660179950528898	0.1500134257607063	-0.07772757599128906	4683
16	2a	8	0.18001273667798162	0.12877479834950573	1.3978879329277751	2709
16	2b	9	0.18761521088131405	0.12877479834950573	1.4569249052295967	3313
17	2a	9	0.12430330018135384	0.13129692830783818	0.9467342593873399	3339
17	2b	9	0.3276870372955902	0.13129692830783818	2.495770780922587	3696
18	2a	7	0.2312776614039179	0.1160129429256814	1.9935505088606862	2385
18	2b	4	0.09877837606225223	0.1160129429256814	0.8514427232962296	1637
19	2b	10	0.06664388413725417	0.10256164181489388	0.6497934603809766	4125
20	2b	10	0.12325014336732026	0.10431958222844506	1.1814669953088957	3876
21	2b	10	-0.027560806025459128	0.11853339688057848	-0.23251511178091383	3113
22	2b	10	0.035188492402453475	0.08809587565115923	0.3994340500319488	2977
23	2b	10	0.0008302287712102507	0.08631525660590797	0.009618563436599047	4737
24	2a	3	0.25792073402062016	0.06758338440329253	3.816333501168295	1194
24	2b	10	-0.19474024220479214	0.06758338440329253	-2.881481061124615	4195
25	2a	9	0.007758525155403512	0.05386293742786308	0.14404199855966374	3154
25	2b	10	-0.22632646522099847	0.05386293742786308	-4.2018960723059395	4379
26	2a	3	0.10805078622029185	0.04159342330087348	2.5977853623320954	687
26	2b	10	-0.1008817004497442	0.04159342330087348	-2.4254243205710275	4880
27	2a	9	0.11502505652609243	0.03178730757490597	3.618584438302579	3309
27	2b	10	-0.01439481167844825	0.03178730757490597	-0.45284778034526035	5393
28	2a	10	0.170682804806547	0.018380810730259628	9.285923635868706	3894
28	2b	10	-0.08137157395996358	0.018380810730259628	-4.426985030970624	4474
29	2a	10	-0.09407669948060438	0.027712728462743086	-3.3947108314174415	3841
29	2b	10	-0.0021417359279862214	0.027712728462743086	-0.0772834739410652	4108
