side	Mb_lo	Mb_hi	n_inf	D	fold	cM_mid
2a	0.1	0.2	43	0.3023255813953488	0.930026778760439	0.08807135
2a	0.2	0.3	29	0.3448275862068966	1.0607732489840553	0.1761427
2a	0.3	0.4	294	0.21768707482993196	0.669658214324628	0.26421405000000003
2a	0.4	0.5	363	0.22865013774104684	0.7033832535274438	0.3522854
2a	0.5	0.6	198	0.20202020202020202	0.6214631155664162	0.44035675
2a	0.6	0.7	225	0.25333333333333335	0.779314746920286	0.53572595
2a	0.7	0.8	237	0.4430379746835443	1.3628922123022988	0.63109515
2a	0.8	0.9	294	0.282312925170068	0.8684629967022519	0.72410885
2a	0.9	1.0	230	0.3391304347826087	1.043247430087797	0.8194780500000001
2a	1.0	1.1	144	0.3472222222222222	1.068139729879778	0.9148472500000001
2a	1.1	1.2	27	0.6296296296296297	1.9368933768486638	1.0102164500000002
2a	1.2	1.3	120	0.19166666666666668	0.5896131308936374	1.10558565
2a	1.3	1.4	213	0.17370892018779344	0.534370749370841	1.20095485
2a	1.4	1.5	252	0.3968253968253968	1.2207311198626032	1.29632405
2a	1.5	1.6	251	0.2868525896414343	0.8824281051309592	1.3916932499999999
2a	1.6	1.7	242	0.3677685950413223	1.1313453535652258	1.4684894499999999
2a	1.7	1.8	277	0.3574007220216607	1.099451262755676	1.5452856499999998
2a	1.8	1.9	308	0.3246753246753247	0.9987800071603118	1.6220818499999998
2a	1.9	2.0	287	0.26480836236933797	0.8146147180351421	1.6988780499999998
2a	2.0	3.0	2387	0.2903225806451613	0.8931026386607691	2.12125715
2a	3.0	4.0	1021	0.4593535749265426	1.4130829539110807	2.8011447249999986
2a	4.0	5.0	2447	0.340008173273396	1.0459475664686262	3.3021770249999975
2a	5.0	6.0	3276	0.5488400488400489	1.688365041163816	4.0697780749999986
2a	6.0	7.0	3438	0.25218150087260033	0.7757714310414805	4.779272575000003
2a	7.0	8.0	3045	0.3385878489326765	1.0415783044786295	5.884056000000006
2a	8.0	9.0	2552	0.3730407523510972	1.1475637875372962	7.123055125000005
2a	9.0	10.0	2668	0.3339580209895052	1.027335831353036	8.251118400000003
2b	0.0	0.1	19	0.5263157894736842	1.6190749589756632	0.0930137
2b	0.1	0.2	192	0.6145833333333334	1.8906073218872068	0.18108505000000003
2b	0.2	0.3	265	0.38113207547169814	1.1724546589714333	0.2691564
2b	0.3	0.4	258	0.23255813953488372	0.715405214431107	0.35722775
2b	0.4	0.5	272	0.4889705882352941	1.504192066665993	0.4401193
2b	0.5	0.6	287	0.49477351916376305	1.522043288960397	0.52301085
2b	0.6	0.7	325	0.4430769230769231	1.3630120270022814	0.6059024000000001
2b	0.7	0.8	364	0.5851648351648352	1.8001088898281619	0.6887939500000001
2b	0.8	0.9	320	0.540625	1.6630935594228142	0.7716855000000001
2b	0.9	1.0	344	0.5755813953488372	1.77062790571699	0.8545770500000002
2b	1.0	1.1	353	0.49575070821529743	1.5250493593750936	0.9374686000000002
2b	1.1	1.2	236	0.4406779661016949	1.3556322537864027	1.0203601500000001
2b	1.2	1.3	328	0.4573170731707317	1.4068181808172684	1.1032517000000002
2b	1.3	1.4	318	0.5754716981132075	1.770290450427164	1.1861432500000002
2b	1.4	1.5	339	0.5132743362831859	1.5789562874258238	1.2549647500000003
2b	1.5	1.6	342	0.4298245614035088	1.322244549830125	1.3237862500000004
2b	1.6	1.7	324	0.3950617283950617	1.2153056482187694	1.3926077500000005
2b	1.7	1.8	354	0.4265536723163842	1.3121825020624795	1.4614292500000006
2b	1.8	1.9	291	0.422680412371134	1.3002674155072595	1.5302507500000007
2b	1.9	2.0	302	0.4503311258278146	1.385327713242753	1.5990722500000007
2b	2.0	3.0	3077	0.4582385440363991	1.409652848584921	1.9372655500000011
2b	3.0	4.0	3000	0.43966666666666665	1.3525212515629699	2.3767709500000023
2b	4.0	5.0	2711	0.40059018812246405	1.2323125305608202	2.9611790250000007
2b	5.0	6.0	2792	0.46239255014326647	1.4224315783923367	3.8144398000000024
2b	6.0	7.0	2518	0.4181890389197776	1.286450861962911	5.2243477750000045
2b	7.0	8.0	2950	0.38033898305084746	1.170014914421803	6.766578575000004
2b	8.0	9.0	3159	0.3801836024058246	1.1695369258900177	8.194683850000008
2b	9.0	10.0	2852	0.4253155680224404	1.3083737931105228	9.142384150000002
